sample_id	ProlifHubScore	HepLossScore	HCCStateScore	title	geo_accession	status	submission_date	last_update_date	type	channel_count	source_name_ch1	organism_ch1	characteristics_ch1	characteristics_ch1.1	molecule_ch1	extract_protocol_ch1	label_ch1	label_protocol_ch1	taxid_ch1	hyb_protocol	scan_protocol	description	data_processing	platform_id	contact_name	contact_email	contact_laboratory	contact_department	contact_institute	contact_address	contact_city	contact_zip/postal_code	contact_country	supplementary_file	data_row_count	disease state:ch1	tissue:ch1	tissue	accession	role	etiology
GSM1398645	-0.10004780522969539	-0.7701764115637031	0.6701286063340077	RNA from HCC_1T	GSM1398645	Public on Dec 10 2014	May 24 2014	Dec 10 2014	RNA	1	HCC_1T	Homo sapiens	tissue: liver tissue	disease state: hepatocellular carcinoma tumor	total RNA	RNA was extracted with Trizol reagent. Quality control was performed with Agilent Bioanalyser.	biotin	Biotinylated cRNA were prepared with the Ambion MessageAmp kit for Illumina arrays	9606	Standard Illumina hybridization protocol	Standard Illumina scanning protocol	tumor	The data were normalised using quantile normalisation with Partek Software	GPL10558	Lee,Guat Lay,Caroline	caroline_lee@nuhs.edu.sg	Liver Cancer Functional Genomics Lab	Department of Biochemistry, National University of Singapore	National Cancer Centre Singapore	11 Hospital Drive	Singapore	169610	Singapore	NONE	47323	hepatocellular carcinoma tumor	liver tissue	tumor	GSE57957	added_external_validation	mixed
GSM1398646	-0.49113388323945584	0.48981019683605687	-0.9809440800755127	RNA from HCC_2N	GSM1398646	Public on Dec 10 2014	May 24 2014	Dec 10 2014	RNA	1	HCC_2N	Homo sapiens	tissue: liver tissue	disease state: adjacent non-tumorous	total RNA	RNA was extracted with Trizol reagent. Quality control was performed with Agilent Bioanalyser.	biotin	Biotinylated cRNA were prepared with the Ambion MessageAmp kit for Illumina arrays	9606	Standard Illumina hybridization protocol	Standard Illumina scanning protocol	adjacent non-tumorous	The data were normalised using quantile normalisation with Partek Software	GPL10558	Lee,Guat Lay,Caroline	caroline_lee@nuhs.edu.sg	Liver Cancer Functional Genomics Lab	Department of Biochemistry, National University of Singapore	National Cancer Centre Singapore	11 Hospital Drive	Singapore	169610	Singapore	NONE	47323	adjacent non-tumorous	liver tissue	non_tumor	GSE57957	added_external_validation	mixed
GSM1398647	-0.15896784366520447	-0.7836596950499375	0.624691851384733	RNA from HCC_2T	GSM1398647	Public on Dec 10 2014	May 24 2014	Dec 10 2014	RNA	1	HCC_2T	Homo sapiens	tissue: liver tissue	disease state: hepatocellular carcinoma tumor	total RNA	RNA was extracted with Trizol reagent. Quality control was performed with Agilent Bioanalyser.	biotin	Biotinylated cRNA were prepared with the Ambion MessageAmp kit for Illumina arrays	9606	Standard Illumina hybridization protocol	Standard Illumina scanning protocol	tumor	The data were normalised using quantile normalisation with Partek Software	GPL10558	Lee,Guat Lay,Caroline	caroline_lee@nuhs.edu.sg	Liver Cancer Functional Genomics Lab	Department of Biochemistry, National University of Singapore	National Cancer Centre Singapore	11 Hospital Drive	Singapore	169610	Singapore	NONE	47323	hepatocellular carcinoma tumor	liver tissue	tumor	GSE57957	added_external_validation	mixed
GSM1398648	-0.6585677258568648	0.9156860563012547	-1.5742537821581195	RNA from HCC_3N	GSM1398648	Public on Dec 10 2014	May 24 2014	Dec 10 2014	RNA	1	HCC_3N	Homo sapiens	tissue: liver tissue	disease state: adjacent non-tumorous	total RNA	RNA was extracted with Trizol reagent. Quality control was performed with Agilent Bioanalyser.	biotin	Biotinylated cRNA were prepared with the Ambion MessageAmp kit for Illumina arrays	9606	Standard Illumina hybridization protocol	Standard Illumina scanning protocol	adjacent non-tumorous	The data were normalised using quantile normalisation with Partek Software	GPL10558	Lee,Guat Lay,Caroline	caroline_lee@nuhs.edu.sg	Liver Cancer Functional Genomics Lab	Department of Biochemistry, National University of Singapore	National Cancer Centre Singapore	11 Hospital Drive	Singapore	169610	Singapore	NONE	47323	adjacent non-tumorous	liver tissue	non_tumor	GSE57957	added_external_validation	mixed
GSM1398649	-0.17118580311256767	0.2760450448125028	-0.4472308479250705	RNA from HCC_3T	GSM1398649	Public on Dec 10 2014	May 24 2014	Dec 10 2014	RNA	1	HCC_3T	Homo sapiens	tissue: liver tissue	disease state: hepatocellular carcinoma tumor	total RNA	RNA was extracted with Trizol reagent. Quality control was performed with Agilent Bioanalyser.	biotin	Biotinylated cRNA were prepared with the Ambion MessageAmp kit for Illumina arrays	9606	Standard Illumina hybridization protocol	Standard Illumina scanning protocol	tumor	The data were normalised using quantile normalisation with Partek Software	GPL10558	Lee,Guat Lay,Caroline	caroline_lee@nuhs.edu.sg	Liver Cancer Functional Genomics Lab	Department of Biochemistry, National University of Singapore	National Cancer Centre Singapore	11 Hospital Drive	Singapore	169610	Singapore	NONE	47323	hepatocellular carcinoma tumor	liver tissue	tumor	GSE57957	added_external_validation	mixed
GSM1398650	-0.5080104457639132	0.25966079582508567	-0.7676712415889988	RNA from HCC_4N	GSM1398650	Public on Dec 10 2014	May 24 2014	Dec 10 2014	RNA	1	HCC_4N	Homo sapiens	tissue: liver tissue	disease state: adjacent non-tumorous	total RNA	RNA was extracted with Trizol reagent. Quality control was performed with Agilent Bioanalyser.	biotin	Biotinylated cRNA were prepared with the Ambion MessageAmp kit for Illumina arrays	9606	Standard Illumina hybridization protocol	Standard Illumina scanning protocol	adjacent non-tumorous	The data were normalised using quantile normalisation with Partek Software	GPL10558	Lee,Guat Lay,Caroline	caroline_lee@nuhs.edu.sg	Liver Cancer Functional Genomics Lab	Department of Biochemistry, National University of Singapore	National Cancer Centre Singapore	11 Hospital Drive	Singapore	169610	Singapore	NONE	47323	adjacent non-tumorous	liver tissue	non_tumor	GSE57957	added_external_validation	mixed
GSM1398651	1.1775332194247359	-0.8387647974568421	2.016298016881578	RNA from HCC_4T	GSM1398651	Public on Dec 10 2014	May 24 2014	Dec 10 2014	RNA	1	HCC_4T	Homo sapiens	tissue: liver tissue	disease state: hepatocellular carcinoma tumor	total RNA	RNA was extracted with Trizol reagent. Quality control was performed with Agilent Bioanalyser.	biotin	Biotinylated cRNA were prepared with the Ambion MessageAmp kit for Illumina arrays	9606	Standard Illumina hybridization protocol	Standard Illumina scanning protocol	tumor	The data were normalised using quantile normalisation with Partek Software	GPL10558	Lee,Guat Lay,Caroline	caroline_lee@nuhs.edu.sg	Liver Cancer Functional Genomics Lab	Department of Biochemistry, National University of Singapore	National Cancer Centre Singapore	11 Hospital Drive	Singapore	169610	Singapore	NONE	47323	hepatocellular carcinoma tumor	liver tissue	tumor	GSE57957	added_external_validation	mixed
GSM1398652	-0.6421303094329891	0.5908563134415916	-1.2329866228745807	RNA from HCC_5N	GSM1398652	Public on Dec 10 2014	May 24 2014	Dec 10 2014	RNA	1	HCC_5N	Homo sapiens	tissue: liver tissue	disease state: adjacent non-tumorous	total RNA	RNA was extracted with Trizol reagent. Quality control was performed with Agilent Bioanalyser.	biotin	Biotinylated cRNA were prepared with the Ambion MessageAmp kit for Illumina arrays	9606	Standard Illumina hybridization protocol	Standard Illumina scanning protocol	adjacent non-tumorous	The data were normalised using quantile normalisation with Partek Software	GPL10558	Lee,Guat Lay,Caroline	caroline_lee@nuhs.edu.sg	Liver Cancer Functional Genomics Lab	Department of Biochemistry, National University of Singapore	National Cancer Centre Singapore	11 Hospital Drive	Singapore	169610	Singapore	NONE	47323	adjacent non-tumorous	liver tissue	non_tumor	GSE57957	added_external_validation	mixed
GSM1398653	-0.01020387338379854	-0.8291036302804269	0.8188997568966283	RNA from HCC_5T	GSM1398653	Public on Dec 10 2014	May 24 2014	Dec 10 2014	RNA	1	HCC_5T	Homo sapiens	tissue: liver tissue	disease state: hepatocellular carcinoma tumor	total RNA	RNA was extracted with Trizol reagent. Quality control was performed with Agilent Bioanalyser.	biotin	Biotinylated cRNA were prepared with the Ambion MessageAmp kit for Illumina arrays	9606	Standard Illumina hybridization protocol	Standard Illumina scanning protocol	tumor	The data were normalised using quantile normalisation with Partek Software	GPL10558	Lee,Guat Lay,Caroline	caroline_lee@nuhs.edu.sg	Liver Cancer Functional Genomics Lab	Department of Biochemistry, National University of Singapore	National Cancer Centre Singapore	11 Hospital Drive	Singapore	169610	Singapore	NONE	47323	hepatocellular carcinoma tumor	liver tissue	tumor	GSE57957	added_external_validation	mixed
GSM1398654	1.6173790155507977	-1.0080289321849314	2.625407947735729	RNA from HCC_6N	GSM1398654	Public on Dec 10 2014	May 24 2014	Dec 10 2014	RNA	1	HCC_6N	Homo sapiens	tissue: liver tissue	disease state: adjacent non-tumorous	total RNA	RNA was extracted with Trizol reagent. Quality control was performed with Agilent Bioanalyser.	biotin	Biotinylated cRNA were prepared with the Ambion MessageAmp kit for Illumina arrays	9606	Standard Illumina hybridization protocol	Standard Illumina scanning protocol	adjacent non-tumorous	The data were normalised using quantile normalisation with Partek Software	GPL10558	Lee,Guat Lay,Caroline	caroline_lee@nuhs.edu.sg	Liver Cancer Functional Genomics Lab	Department of Biochemistry, National University of Singapore	National Cancer Centre Singapore	11 Hospital Drive	Singapore	169610	Singapore	NONE	47323	adjacent non-tumorous	liver tissue	non_tumor	GSE57957	added_external_validation	mixed
GSM1398655	-0.5902456400855167	0.7523203432072187	-1.3425659832927355	RNA from HCC_6T	GSM1398655	Public on Dec 10 2014	May 24 2014	Dec 10 2014	RNA	1	HCC_6T	Homo sapiens	tissue: liver tissue	disease state: hepatocellular carcinoma tumor	total RNA	RNA was extracted with Trizol reagent. Quality control was performed with Agilent Bioanalyser.	biotin	Biotinylated cRNA were prepared with the Ambion MessageAmp kit for Illumina arrays	9606	Standard Illumina hybridization protocol	Standard Illumina scanning protocol	tumor	The data were normalised using quantile normalisation with Partek Software	GPL10558	Lee,Guat Lay,Caroline	caroline_lee@nuhs.edu.sg	Liver Cancer Functional Genomics Lab	Department of Biochemistry, National University of Singapore	National Cancer Centre Singapore	11 Hospital Drive	Singapore	169610	Singapore	NONE	47323	hepatocellular carcinoma tumor	liver tissue	tumor	GSE57957	added_external_validation	mixed
GSM1398656	-0.5519416240875646	0.20492294733116664	-0.7568645714187313	RNA from HCC_7N	GSM1398656	Public on Dec 10 2014	May 24 2014	Dec 10 2014	RNA	1	HCC_7N	Homo sapiens	tissue: liver tissue	disease state: adjacent non-tumorous	total RNA	RNA was extracted with Trizol reagent. Quality control was performed with Agilent Bioanalyser.	biotin	Biotinylated cRNA were prepared with the Ambion MessageAmp kit for Illumina arrays	9606	Standard Illumina hybridization protocol	Standard Illumina scanning protocol	adjacent non-tumorous	The data were normalised using quantile normalisation with Partek Software	GPL10558	Lee,Guat Lay,Caroline	caroline_lee@nuhs.edu.sg	Liver Cancer Functional Genomics Lab	Department of Biochemistry, National University of Singapore	National Cancer Centre Singapore	11 Hospital Drive	Singapore	169610	Singapore	NONE	47323	adjacent non-tumorous	liver tissue	non_tumor	GSE57957	added_external_validation	mixed
GSM1398657	0.4216750171385914	-0.9022462936046579	1.3239213107432493	RNA from HCC_7T	GSM1398657	Public on Dec 10 2014	May 24 2014	Dec 10 2014	RNA	1	HCC_7T	Homo sapiens	tissue: liver tissue	disease state: hepatocellular carcinoma tumor	total RNA	RNA was extracted with Trizol reagent. Quality control was performed with Agilent Bioanalyser.	biotin	Biotinylated cRNA were prepared with the Ambion MessageAmp kit for Illumina arrays	9606	Standard Illumina hybridization protocol	Standard Illumina scanning protocol	tumor	The data were normalised using quantile normalisation with Partek Software	GPL10558	Lee,Guat Lay,Caroline	caroline_lee@nuhs.edu.sg	Liver Cancer Functional Genomics Lab	Department of Biochemistry, National University of Singapore	National Cancer Centre Singapore	11 Hospital Drive	Singapore	169610	Singapore	NONE	47323	hepatocellular carcinoma tumor	liver tissue	tumor	GSE57957	added_external_validation	mixed
GSM1398658	-0.5191660057450699	0.8176001054488526	-1.3367661111939224	RNA from HCC_8N	GSM1398658	Public on Dec 10 2014	May 24 2014	Dec 10 2014	RNA	1	HCC_8N	Homo sapiens	tissue: liver tissue	disease state: adjacent non-tumorous	total RNA	RNA was extracted with Trizol reagent. Quality control was performed with Agilent Bioanalyser.	biotin	Biotinylated cRNA were prepared with the Ambion MessageAmp kit for Illumina arrays	9606	Standard Illumina hybridization protocol	Standard Illumina scanning protocol	adjacent non-tumorous	The data were normalised using quantile normalisation with Partek Software	GPL10558	Lee,Guat Lay,Caroline	caroline_lee@nuhs.edu.sg	Liver Cancer Functional Genomics Lab	Department of Biochemistry, National University of Singapore	National Cancer Centre Singapore	11 Hospital Drive	Singapore	169610	Singapore	NONE	47323	adjacent non-tumorous	liver tissue	non_tumor	GSE57957	added_external_validation	mixed
GSM1398659	0.46125803377826236	-0.8079700176578232	1.2692280514360856	RNA from HCC_8T	GSM1398659	Public on Dec 10 2014	May 24 2014	Dec 10 2014	RNA	1	HCC_8T	Homo sapiens	tissue: liver tissue	disease state: hepatocellular carcinoma tumor	total RNA	RNA was extracted with Trizol reagent. Quality control was performed with Agilent Bioanalyser.	biotin	Biotinylated cRNA were prepared with the Ambion MessageAmp kit for Illumina arrays	9606	Standard Illumina hybridization protocol	Standard Illumina scanning protocol	tumor	The data were normalised using quantile normalisation with Partek Software	GPL10558	Lee,Guat Lay,Caroline	caroline_lee@nuhs.edu.sg	Liver Cancer Functional Genomics Lab	Department of Biochemistry, National University of Singapore	National Cancer Centre Singapore	11 Hospital Drive	Singapore	169610	Singapore	NONE	47323	hepatocellular carcinoma tumor	liver tissue	tumor	GSE57957	added_external_validation	mixed
GSM1398660	-0.5499519715913901	0.9005136111372127	-1.4504655827286028	RNA from HCC_9N	GSM1398660	Public on Dec 10 2014	May 24 2014	Dec 10 2014	RNA	1	HCC_9N	Homo sapiens	tissue: liver tissue	disease state: adjacent non-tumorous	total RNA	RNA was extracted with Trizol reagent. Quality control was performed with Agilent Bioanalyser.	biotin	Biotinylated cRNA were prepared with the Ambion MessageAmp kit for Illumina arrays	9606	Standard Illumina hybridization protocol	Standard Illumina scanning protocol	adjacent non-tumorous	The data were normalised using quantile normalisation with Partek Software	GPL10558	Lee,Guat Lay,Caroline	caroline_lee@nuhs.edu.sg	Liver Cancer Functional Genomics Lab	Department of Biochemistry, National University of Singapore	National Cancer Centre Singapore	11 Hospital Drive	Singapore	169610	Singapore	NONE	47323	adjacent non-tumorous	liver tissue	non_tumor	GSE57957	added_external_validation	mixed
GSM1398661	-0.08307385613224001	-0.5567361083481855	0.47366225221594555	RNA from HCC_9T	GSM1398661	Public on Dec 10 2014	May 24 2014	Dec 10 2014	RNA	1	HCC_9T	Homo sapiens	tissue: liver tissue	disease state: hepatocellular carcinoma tumor	total RNA	RNA was extracted with Trizol reagent. Quality control was performed with Agilent Bioanalyser.	biotin	Biotinylated cRNA were prepared with the Ambion MessageAmp kit for Illumina arrays	9606	Standard Illumina hybridization protocol	Standard Illumina scanning protocol	tumor	The data were normalised using quantile normalisation with Partek Software	GPL10558	Lee,Guat Lay,Caroline	caroline_lee@nuhs.edu.sg	Liver Cancer Functional Genomics Lab	Department of Biochemistry, National University of Singapore	National Cancer Centre Singapore	11 Hospital Drive	Singapore	169610	Singapore	NONE	47323	hepatocellular carcinoma tumor	liver tissue	tumor	GSE57957	added_external_validation	mixed
GSM1398662	-0.5935110290667943	0.8992060547796049	-1.4927170838463992	RNA from HCC_10N	GSM1398662	Public on Dec 10 2014	May 24 2014	Dec 10 2014	RNA	1	HCC_10N	Homo sapiens	tissue: liver tissue	disease state: adjacent non-tumorous	total RNA	RNA was extracted with Trizol reagent. Quality control was performed with Agilent Bioanalyser.	biotin	Biotinylated cRNA were prepared with the Ambion MessageAmp kit for Illumina arrays	9606	Standard Illumina hybridization protocol	Standard Illumina scanning protocol	adjacent non-tumorous	The data were normalised using quantile normalisation with Partek Software	GPL10558	Lee,Guat Lay,Caroline	caroline_lee@nuhs.edu.sg	Liver Cancer Functional Genomics Lab	Department of Biochemistry, National University of Singapore	National Cancer Centre Singapore	11 Hospital Drive	Singapore	169610	Singapore	NONE	47323	adjacent non-tumorous	liver tissue	non_tumor	GSE57957	added_external_validation	mixed
GSM1398663	1.1870442493305005	-0.9081716951481387	2.095215944478639	RNA from HCC_10T	GSM1398663	Public on Dec 10 2014	May 24 2014	Dec 10 2014	RNA	1	HCC_10T	Homo sapiens	tissue: liver tissue	disease state: hepatocellular carcinoma tumor	total RNA	RNA was extracted with Trizol reagent. Quality control was performed with Agilent Bioanalyser.	biotin	Biotinylated cRNA were prepared with the Ambion MessageAmp kit for Illumina arrays	9606	Standard Illumina hybridization protocol	Standard Illumina scanning protocol	tumor	The data were normalised using quantile normalisation with Partek Software	GPL10558	Lee,Guat Lay,Caroline	caroline_lee@nuhs.edu.sg	Liver Cancer Functional Genomics Lab	Department of Biochemistry, National University of Singapore	National Cancer Centre Singapore	11 Hospital Drive	Singapore	169610	Singapore	NONE	47323	hepatocellular carcinoma tumor	liver tissue	tumor	GSE57957	added_external_validation	mixed
GSM1398664	-0.6337242379038622	1.160586320151752	-1.794310558055614	RNA from HCC_11N	GSM1398664	Public on Dec 10 2014	May 24 2014	Dec 10 2014	RNA	1	HCC_11N	Homo sapiens	tissue: liver tissue	disease state: adjacent non-tumorous	total RNA	RNA was extracted with Trizol reagent. Quality control was performed with Agilent Bioanalyser.	biotin	Biotinylated cRNA were prepared with the Ambion MessageAmp kit for Illumina arrays	9606	Standard Illumina hybridization protocol	Standard Illumina scanning protocol	adjacent non-tumorous	The data were normalised using quantile normalisation with Partek Software	GPL10558	Lee,Guat Lay,Caroline	caroline_lee@nuhs.edu.sg	Liver Cancer Functional Genomics Lab	Department of Biochemistry, National University of Singapore	National Cancer Centre Singapore	11 Hospital Drive	Singapore	169610	Singapore	NONE	47323	adjacent non-tumorous	liver tissue	non_tumor	GSE57957	added_external_validation	mixed
GSM1398665	0.00480067654403377	-0.8829017017783855	0.8877023783224193	RNA from HCC_11T	GSM1398665	Public on Dec 10 2014	May 24 2014	Dec 10 2014	RNA	1	HCC_11T	Homo sapiens	tissue: liver tissue	disease state: hepatocellular carcinoma tumor	total RNA	RNA was extracted with Trizol reagent. Quality control was performed with Agilent Bioanalyser.	biotin	Biotinylated cRNA were prepared with the Ambion MessageAmp kit for Illumina arrays	9606	Standard Illumina hybridization protocol	Standard Illumina scanning protocol	tumor	The data were normalised using quantile normalisation with Partek Software	GPL10558	Lee,Guat Lay,Caroline	caroline_lee@nuhs.edu.sg	Liver Cancer Functional Genomics Lab	Department of Biochemistry, National University of Singapore	National Cancer Centre Singapore	11 Hospital Drive	Singapore	169610	Singapore	NONE	47323	hepatocellular carcinoma tumor	liver tissue	tumor	GSE57957	added_external_validation	mixed
GSM1398666	-0.6426767763433374	0.37716773835818085	-1.0198445147015183	RNA from HCC_12N	GSM1398666	Public on Dec 10 2014	May 24 2014	Dec 10 2014	RNA	1	HCC_12N	Homo sapiens	tissue: liver tissue	disease state: adjacent non-tumorous	total RNA	RNA was extracted with Trizol reagent. Quality control was performed with Agilent Bioanalyser.	biotin	Biotinylated cRNA were prepared with the Ambion MessageAmp kit for Illumina arrays	9606	Standard Illumina hybridization protocol	Standard Illumina scanning protocol	adjacent non-tumorous	The data were normalised using quantile normalisation with Partek Software	GPL10558	Lee,Guat Lay,Caroline	caroline_lee@nuhs.edu.sg	Liver Cancer Functional Genomics Lab	Department of Biochemistry, National University of Singapore	National Cancer Centre Singapore	11 Hospital Drive	Singapore	169610	Singapore	NONE	47323	adjacent non-tumorous	liver tissue	non_tumor	GSE57957	added_external_validation	mixed
GSM1398667	1.0364041318437576	-0.8561788273412977	1.8925829591850554	RNA from HCC_12T	GSM1398667	Public on Dec 10 2014	May 24 2014	Dec 10 2014	RNA	1	HCC_12T	Homo sapiens	tissue: liver tissue	disease state: hepatocellular carcinoma tumor	total RNA	RNA was extracted with Trizol reagent. Quality control was performed with Agilent Bioanalyser.	biotin	Biotinylated cRNA were prepared with the Ambion MessageAmp kit for Illumina arrays	9606	Standard Illumina hybridization protocol	Standard Illumina scanning protocol	tumor	The data were normalised using quantile normalisation with Partek Software	GPL10558	Lee,Guat Lay,Caroline	caroline_lee@nuhs.edu.sg	Liver Cancer Functional Genomics Lab	Department of Biochemistry, National University of Singapore	National Cancer Centre Singapore	11 Hospital Drive	Singapore	169610	Singapore	NONE	47323	hepatocellular carcinoma tumor	liver tissue	tumor	GSE57957	added_external_validation	mixed
GSM1398668	-0.5721913832721495	0.8195945441661701	-1.3917859274383195	RNA from HCC_13N	GSM1398668	Public on Dec 10 2014	May 24 2014	Dec 10 2014	RNA	1	HCC_13N	Homo sapiens	tissue: liver tissue	disease state: adjacent non-tumorous	total RNA	RNA was extracted with Trizol reagent. Quality control was performed with Agilent Bioanalyser.	biotin	Biotinylated cRNA were prepared with the Ambion MessageAmp kit for Illumina arrays	9606	Standard Illumina hybridization protocol	Standard Illumina scanning protocol	adjacent non-tumorous	The data were normalised using quantile normalisation with Partek Software	GPL10558	Lee,Guat Lay,Caroline	caroline_lee@nuhs.edu.sg	Liver Cancer Functional Genomics Lab	Department of Biochemistry, National University of Singapore	National Cancer Centre Singapore	11 Hospital Drive	Singapore	169610	Singapore	NONE	47323	adjacent non-tumorous	liver tissue	non_tumor	GSE57957	added_external_validation	mixed
GSM1398669	-0.5898355230978275	0.8798386220415728	-1.4696741451394004	RNA from HCC_13T	GSM1398669	Public on Dec 10 2014	May 24 2014	Dec 10 2014	RNA	1	HCC_13T	Homo sapiens	tissue: liver tissue	disease state: hepatocellular carcinoma tumor	total RNA	RNA was extracted with Trizol reagent. Quality control was performed with Agilent Bioanalyser.	biotin	Biotinylated cRNA were prepared with the Ambion MessageAmp kit for Illumina arrays	9606	Standard Illumina hybridization protocol	Standard Illumina scanning protocol	tumor	The data were normalised using quantile normalisation with Partek Software	GPL10558	Lee,Guat Lay,Caroline	caroline_lee@nuhs.edu.sg	Liver Cancer Functional Genomics Lab	Department of Biochemistry, National University of Singapore	National Cancer Centre Singapore	11 Hospital Drive	Singapore	169610	Singapore	NONE	47323	hepatocellular carcinoma tumor	liver tissue	tumor	GSE57957	added_external_validation	mixed
GSM1398670	-0.5806690887372783	0.7580107049513989	-1.3386797936886772	RNA from HCC_14N	GSM1398670	Public on Dec 10 2014	May 24 2014	Dec 10 2014	RNA	1	HCC_14N	Homo sapiens	tissue: liver tissue	disease state: adjacent non-tumorous	total RNA	RNA was extracted with Trizol reagent. Quality control was performed with Agilent Bioanalyser.	biotin	Biotinylated cRNA were prepared with the Ambion MessageAmp kit for Illumina arrays	9606	Standard Illumina hybridization protocol	Standard Illumina scanning protocol	adjacent non-tumorous	The data were normalised using quantile normalisation with Partek Software	GPL10558	Lee,Guat Lay,Caroline	caroline_lee@nuhs.edu.sg	Liver Cancer Functional Genomics Lab	Department of Biochemistry, National University of Singapore	National Cancer Centre Singapore	11 Hospital Drive	Singapore	169610	Singapore	NONE	47323	adjacent non-tumorous	liver tissue	non_tumor	GSE57957	added_external_validation	mixed
GSM1398671	-0.13163031952838483	-0.5518083829709515	0.42017806344256664	RNA from HCC_14T	GSM1398671	Public on Dec 10 2014	May 24 2014	Dec 10 2014	RNA	1	HCC_14T	Homo sapiens	tissue: liver tissue	disease state: hepatocellular carcinoma tumor	total RNA	RNA was extracted with Trizol reagent. Quality control was performed with Agilent Bioanalyser.	biotin	Biotinylated cRNA were prepared with the Ambion MessageAmp kit for Illumina arrays	9606	Standard Illumina hybridization protocol	Standard Illumina scanning protocol	tumor	The data were normalised using quantile normalisation with Partek Software	GPL10558	Lee,Guat Lay,Caroline	caroline_lee@nuhs.edu.sg	Liver Cancer Functional Genomics Lab	Department of Biochemistry, National University of Singapore	National Cancer Centre Singapore	11 Hospital Drive	Singapore	169610	Singapore	NONE	47323	hepatocellular carcinoma tumor	liver tissue	tumor	GSE57957	added_external_validation	mixed
GSM1398672	-0.40709826009579986	1.2263788138667568	-1.6334770739625566	RNA from HCC_15N	GSM1398672	Public on Dec 10 2014	May 24 2014	Dec 10 2014	RNA	1	HCC_15N	Homo sapiens	tissue: liver tissue	disease state: adjacent non-tumorous	total RNA	RNA was extracted with Trizol reagent. Quality control was performed with Agilent Bioanalyser.	biotin	Biotinylated cRNA were prepared with the Ambion MessageAmp kit for Illumina arrays	9606	Standard Illumina hybridization protocol	Standard Illumina scanning protocol	adjacent non-tumorous	The data were normalised using quantile normalisation with Partek Software	GPL10558	Lee,Guat Lay,Caroline	caroline_lee@nuhs.edu.sg	Liver Cancer Functional Genomics Lab	Department of Biochemistry, National University of Singapore	National Cancer Centre Singapore	11 Hospital Drive	Singapore	169610	Singapore	NONE	47323	adjacent non-tumorous	liver tissue	non_tumor	GSE57957	added_external_validation	mixed
GSM1398673	0.26757869048793065	-0.7655591830407718	1.0331378735287025	RNA from HCC_15T	GSM1398673	Public on Dec 10 2014	May 24 2014	Dec 10 2014	RNA	1	HCC_15T	Homo sapiens	tissue: liver tissue	disease state: hepatocellular carcinoma tumor	total RNA	RNA was extracted with Trizol reagent. Quality control was performed with Agilent Bioanalyser.	biotin	Biotinylated cRNA were prepared with the Ambion MessageAmp kit for Illumina arrays	9606	Standard Illumina hybridization protocol	Standard Illumina scanning protocol	tumor	The data were normalised using quantile normalisation with Partek Software	GPL10558	Lee,Guat Lay,Caroline	caroline_lee@nuhs.edu.sg	Liver Cancer Functional Genomics Lab	Department of Biochemistry, National University of Singapore	National Cancer Centre Singapore	11 Hospital Drive	Singapore	169610	Singapore	NONE	47323	hepatocellular carcinoma tumor	liver tissue	tumor	GSE57957	added_external_validation	mixed
GSM1398674	-0.5453184249066586	1.2726829109322084	-1.8180013358388671	RNA from HCC_16N	GSM1398674	Public on Dec 10 2014	May 24 2014	Dec 10 2014	RNA	1	HCC_16N	Homo sapiens	tissue: liver tissue	disease state: adjacent non-tumorous	total RNA	RNA was extracted with Trizol reagent. Quality control was performed with Agilent Bioanalyser.	biotin	Biotinylated cRNA were prepared with the Ambion MessageAmp kit for Illumina arrays	9606	Standard Illumina hybridization protocol	Standard Illumina scanning protocol	adjacent non-tumorous	The data were normalised using quantile normalisation with Partek Software	GPL10558	Lee,Guat Lay,Caroline	caroline_lee@nuhs.edu.sg	Liver Cancer Functional Genomics Lab	Department of Biochemistry, National University of Singapore	National Cancer Centre Singapore	11 Hospital Drive	Singapore	169610	Singapore	NONE	47323	adjacent non-tumorous	liver tissue	non_tumor	GSE57957	added_external_validation	mixed
GSM1398675	0.11229455560008976	-0.7565217348356421	0.8688162904357318	RNA from HCC_16T	GSM1398675	Public on Dec 10 2014	May 24 2014	Dec 10 2014	RNA	1	HCC_16T	Homo sapiens	tissue: liver tissue	disease state: hepatocellular carcinoma tumor	total RNA	RNA was extracted with Trizol reagent. Quality control was performed with Agilent Bioanalyser.	biotin	Biotinylated cRNA were prepared with the Ambion MessageAmp kit for Illumina arrays	9606	Standard Illumina hybridization protocol	Standard Illumina scanning protocol	tumor	The data were normalised using quantile normalisation with Partek Software	GPL10558	Lee,Guat Lay,Caroline	caroline_lee@nuhs.edu.sg	Liver Cancer Functional Genomics Lab	Department of Biochemistry, National University of Singapore	National Cancer Centre Singapore	11 Hospital Drive	Singapore	169610	Singapore	NONE	47323	hepatocellular carcinoma tumor	liver tissue	tumor	GSE57957	added_external_validation	mixed
GSM1398676	-0.6111879205949473	0.35436293260283847	-0.9655508531977858	RNA from HCC_17N	GSM1398676	Public on Dec 10 2014	May 24 2014	Dec 10 2014	RNA	1	HCC_17N	Homo sapiens	tissue: liver tissue	disease state: adjacent non-tumorous	total RNA	RNA was extracted with Trizol reagent. Quality control was performed with Agilent Bioanalyser.	biotin	Biotinylated cRNA were prepared with the Ambion MessageAmp kit for Illumina arrays	9606	Standard Illumina hybridization protocol	Standard Illumina scanning protocol	adjacent non-tumorous	The data were normalised using quantile normalisation with Partek Software	GPL10558	Lee,Guat Lay,Caroline	caroline_lee@nuhs.edu.sg	Liver Cancer Functional Genomics Lab	Department of Biochemistry, National University of Singapore	National Cancer Centre Singapore	11 Hospital Drive	Singapore	169610	Singapore	NONE	47323	adjacent non-tumorous	liver tissue	non_tumor	GSE57957	added_external_validation	mixed
GSM1398677	0.5309123147595488	-0.8507174669006516	1.3816297816602003	RNA from HCC_17T	GSM1398677	Public on Dec 10 2014	May 24 2014	Dec 10 2014	RNA	1	HCC_17T	Homo sapiens	tissue: liver tissue	disease state: hepatocellular carcinoma tumor	total RNA	RNA was extracted with Trizol reagent. Quality control was performed with Agilent Bioanalyser.	biotin	Biotinylated cRNA were prepared with the Ambion MessageAmp kit for Illumina arrays	9606	Standard Illumina hybridization protocol	Standard Illumina scanning protocol	tumor	The data were normalised using quantile normalisation with Partek Software	GPL10558	Lee,Guat Lay,Caroline	caroline_lee@nuhs.edu.sg	Liver Cancer Functional Genomics Lab	Department of Biochemistry, National University of Singapore	National Cancer Centre Singapore	11 Hospital Drive	Singapore	169610	Singapore	NONE	47323	hepatocellular carcinoma tumor	liver tissue	tumor	GSE57957	added_external_validation	mixed
GSM1398678	-0.5940821967613875	0.5829354361617275	-1.177017632923115	RNA from HCC_18N	GSM1398678	Public on Dec 10 2014	May 24 2014	Dec 10 2014	RNA	1	HCC_18N	Homo sapiens	tissue: liver tissue	disease state: adjacent non-tumorous	total RNA	RNA was extracted with Trizol reagent. Quality control was performed with Agilent Bioanalyser.	biotin	Biotinylated cRNA were prepared with the Ambion MessageAmp kit for Illumina arrays	9606	Standard Illumina hybridization protocol	Standard Illumina scanning protocol	adjacent non-tumorous	The data were normalised using quantile normalisation with Partek Software	GPL10558	Lee,Guat Lay,Caroline	caroline_lee@nuhs.edu.sg	Liver Cancer Functional Genomics Lab	Department of Biochemistry, National University of Singapore	National Cancer Centre Singapore	11 Hospital Drive	Singapore	169610	Singapore	NONE	47323	adjacent non-tumorous	liver tissue	non_tumor	GSE57957	added_external_validation	mixed
GSM1398679	0.8258971973180016	-0.8864543898841166	1.7123515872021182	RNA from HCC_18T	GSM1398679	Public on Dec 10 2014	May 24 2014	Dec 10 2014	RNA	1	HCC_18T	Homo sapiens	tissue: liver tissue	disease state: hepatocellular carcinoma tumor	total RNA	RNA was extracted with Trizol reagent. Quality control was performed with Agilent Bioanalyser.	biotin	Biotinylated cRNA were prepared with the Ambion MessageAmp kit for Illumina arrays	9606	Standard Illumina hybridization protocol	Standard Illumina scanning protocol	tumor	The data were normalised using quantile normalisation with Partek Software	GPL10558	Lee,Guat Lay,Caroline	caroline_lee@nuhs.edu.sg	Liver Cancer Functional Genomics Lab	Department of Biochemistry, National University of Singapore	National Cancer Centre Singapore	11 Hospital Drive	Singapore	169610	Singapore	NONE	47323	hepatocellular carcinoma tumor	liver tissue	tumor	GSE57957	added_external_validation	mixed
GSM1398680	-0.49806311607525566	0.241131085811022	-0.7391942018862776	RNA from HCC_19N	GSM1398680	Public on Dec 10 2014	May 24 2014	Dec 10 2014	RNA	1	HCC_19N	Homo sapiens	tissue: liver tissue	disease state: adjacent non-tumorous	total RNA	RNA was extracted with Trizol reagent. Quality control was performed with Agilent Bioanalyser.	biotin	Biotinylated cRNA were prepared with the Ambion MessageAmp kit for Illumina arrays	9606	Standard Illumina hybridization protocol	Standard Illumina scanning protocol	adjacent non-tumorous	The data were normalised using quantile normalisation with Partek Software	GPL10558	Lee,Guat Lay,Caroline	caroline_lee@nuhs.edu.sg	Liver Cancer Functional Genomics Lab	Department of Biochemistry, National University of Singapore	National Cancer Centre Singapore	11 Hospital Drive	Singapore	169610	Singapore	NONE	47323	adjacent non-tumorous	liver tissue	non_tumor	GSE57957	added_external_validation	mixed
GSM1398681	0.7164667766954458	-0.931906915537613	1.6483736922330587	RNA from HCC_19T	GSM1398681	Public on Dec 10 2014	May 24 2014	Dec 10 2014	RNA	1	HCC_19T	Homo sapiens	tissue: liver tissue	disease state: hepatocellular carcinoma tumor	total RNA	RNA was extracted with Trizol reagent. Quality control was performed with Agilent Bioanalyser.	biotin	Biotinylated cRNA were prepared with the Ambion MessageAmp kit for Illumina arrays	9606	Standard Illumina hybridization protocol	Standard Illumina scanning protocol	tumor	The data were normalised using quantile normalisation with Partek Software	GPL10558	Lee,Guat Lay,Caroline	caroline_lee@nuhs.edu.sg	Liver Cancer Functional Genomics Lab	Department of Biochemistry, National University of Singapore	National Cancer Centre Singapore	11 Hospital Drive	Singapore	169610	Singapore	NONE	47323	hepatocellular carcinoma tumor	liver tissue	tumor	GSE57957	added_external_validation	mixed
GSM1398682	-0.5529231276792068	0.689293417673572	-1.242216545352779	RNA from HCC_20N	GSM1398682	Public on Dec 10 2014	May 24 2014	Dec 10 2014	RNA	1	HCC_20N	Homo sapiens	tissue: liver tissue	disease state: adjacent non-tumorous	total RNA	RNA was extracted with Trizol reagent. Quality control was performed with Agilent Bioanalyser.	biotin	Biotinylated cRNA were prepared with the Ambion MessageAmp kit for Illumina arrays	9606	Standard Illumina hybridization protocol	Standard Illumina scanning protocol	adjacent non-tumorous	The data were normalised using quantile normalisation with Partek Software	GPL10558	Lee,Guat Lay,Caroline	caroline_lee@nuhs.edu.sg	Liver Cancer Functional Genomics Lab	Department of Biochemistry, National University of Singapore	National Cancer Centre Singapore	11 Hospital Drive	Singapore	169610	Singapore	NONE	47323	adjacent non-tumorous	liver tissue	non_tumor	GSE57957	added_external_validation	mixed
GSM1398683	0.984406757356896	-0.8023873919791297	1.7867941493360258	RNA from HCC_20T	GSM1398683	Public on Dec 10 2014	May 24 2014	Dec 10 2014	RNA	1	HCC_20T	Homo sapiens	tissue: liver tissue	disease state: hepatocellular carcinoma tumor	total RNA	RNA was extracted with Trizol reagent. Quality control was performed with Agilent Bioanalyser.	biotin	Biotinylated cRNA were prepared with the Ambion MessageAmp kit for Illumina arrays	9606	Standard Illumina hybridization protocol	Standard Illumina scanning protocol	tumor	The data were normalised using quantile normalisation with Partek Software	GPL10558	Lee,Guat Lay,Caroline	caroline_lee@nuhs.edu.sg	Liver Cancer Functional Genomics Lab	Department of Biochemistry, National University of Singapore	National Cancer Centre Singapore	11 Hospital Drive	Singapore	169610	Singapore	NONE	47323	hepatocellular carcinoma tumor	liver tissue	tumor	GSE57957	added_external_validation	mixed
GSM1398684	-0.5933707144467071	0.5272875963988716	-1.1206583108455788	RNA from HCC_21N	GSM1398684	Public on Dec 10 2014	May 24 2014	Dec 10 2014	RNA	1	HCC_21N	Homo sapiens	tissue: liver tissue	disease state: adjacent non-tumorous	total RNA	RNA was extracted with Trizol reagent. Quality control was performed with Agilent Bioanalyser.	biotin	Biotinylated cRNA were prepared with the Ambion MessageAmp kit for Illumina arrays	9606	Standard Illumina hybridization protocol	Standard Illumina scanning protocol	adjacent non-tumorous	The data were normalised using quantile normalisation with Partek Software	GPL10558	Lee,Guat Lay,Caroline	caroline_lee@nuhs.edu.sg	Liver Cancer Functional Genomics Lab	Department of Biochemistry, National University of Singapore	National Cancer Centre Singapore	11 Hospital Drive	Singapore	169610	Singapore	NONE	47323	adjacent non-tumorous	liver tissue	non_tumor	GSE57957	added_external_validation	mixed
GSM1398685	-0.14667555532481552	-0.9426683720790319	0.7959928167542163	RNA from HCC_21T	GSM1398685	Public on Dec 10 2014	May 24 2014	Dec 10 2014	RNA	1	HCC_21T	Homo sapiens	tissue: liver tissue	disease state: hepatocellular carcinoma tumor	total RNA	RNA was extracted with Trizol reagent. Quality control was performed with Agilent Bioanalyser.	biotin	Biotinylated cRNA were prepared with the Ambion MessageAmp kit for Illumina arrays	9606	Standard Illumina hybridization protocol	Standard Illumina scanning protocol	tumor	The data were normalised using quantile normalisation with Partek Software	GPL10558	Lee,Guat Lay,Caroline	caroline_lee@nuhs.edu.sg	Liver Cancer Functional Genomics Lab	Department of Biochemistry, National University of Singapore	National Cancer Centre Singapore	11 Hospital Drive	Singapore	169610	Singapore	NONE	47323	hepatocellular carcinoma tumor	liver tissue	tumor	GSE57957	added_external_validation	mixed
GSM1398686	-0.5419852443883457	0.42419252019573883	-0.9661777645840846	RNA from HCC_22N	GSM1398686	Public on Dec 10 2014	May 24 2014	Dec 10 2014	RNA	1	HCC_22N	Homo sapiens	tissue: liver tissue	disease state: adjacent non-tumorous	total RNA	RNA was extracted with Trizol reagent. Quality control was performed with Agilent Bioanalyser.	biotin	Biotinylated cRNA were prepared with the Ambion MessageAmp kit for Illumina arrays	9606	Standard Illumina hybridization protocol	Standard Illumina scanning protocol	adjacent non-tumorous	The data were normalised using quantile normalisation with Partek Software	GPL10558	Lee,Guat Lay,Caroline	caroline_lee@nuhs.edu.sg	Liver Cancer Functional Genomics Lab	Department of Biochemistry, National University of Singapore	National Cancer Centre Singapore	11 Hospital Drive	Singapore	169610	Singapore	NONE	47323	adjacent non-tumorous	liver tissue	non_tumor	GSE57957	added_external_validation	mixed
GSM1398687	0.5204661468030147	-0.8548980873550373	1.3753642341580519	RNA from HCC_22T	GSM1398687	Public on Dec 10 2014	May 24 2014	Dec 10 2014	RNA	1	HCC_22T	Homo sapiens	tissue: liver tissue	disease state: hepatocellular carcinoma tumor	total RNA	RNA was extracted with Trizol reagent. Quality control was performed with Agilent Bioanalyser.	biotin	Biotinylated cRNA were prepared with the Ambion MessageAmp kit for Illumina arrays	9606	Standard Illumina hybridization protocol	Standard Illumina scanning protocol	tumor	The data were normalised using quantile normalisation with Partek Software	GPL10558	Lee,Guat Lay,Caroline	caroline_lee@nuhs.edu.sg	Liver Cancer Functional Genomics Lab	Department of Biochemistry, National University of Singapore	National Cancer Centre Singapore	11 Hospital Drive	Singapore	169610	Singapore	NONE	47323	hepatocellular carcinoma tumor	liver tissue	tumor	GSE57957	added_external_validation	mixed
GSM1398688	-0.6780174585043379	0.9650504940174058	-1.6430679525217438	RNA from HCC_23N	GSM1398688	Public on Dec 10 2014	May 24 2014	Dec 10 2014	RNA	1	HCC_23N	Homo sapiens	tissue: liver tissue	disease state: adjacent non-tumorous	total RNA	RNA was extracted with Trizol reagent. Quality control was performed with Agilent Bioanalyser.	biotin	Biotinylated cRNA were prepared with the Ambion MessageAmp kit for Illumina arrays	9606	Standard Illumina hybridization protocol	Standard Illumina scanning protocol	adjacent non-tumorous	The data were normalised using quantile normalisation with Partek Software	GPL10558	Lee,Guat Lay,Caroline	caroline_lee@nuhs.edu.sg	Liver Cancer Functional Genomics Lab	Department of Biochemistry, National University of Singapore	National Cancer Centre Singapore	11 Hospital Drive	Singapore	169610	Singapore	NONE	47323	adjacent non-tumorous	liver tissue	non_tumor	GSE57957	added_external_validation	mixed
GSM1398689	0.048345840822945164	-0.41877962838420585	0.46712546920715103	RNA from HCC_23T	GSM1398689	Public on Dec 10 2014	May 24 2014	Dec 10 2014	RNA	1	HCC_23T	Homo sapiens	tissue: liver tissue	disease state: hepatocellular carcinoma tumor	total RNA	RNA was extracted with Trizol reagent. Quality control was performed with Agilent Bioanalyser.	biotin	Biotinylated cRNA were prepared with the Ambion MessageAmp kit for Illumina arrays	9606	Standard Illumina hybridization protocol	Standard Illumina scanning protocol	tumor	The data were normalised using quantile normalisation with Partek Software	GPL10558	Lee,Guat Lay,Caroline	caroline_lee@nuhs.edu.sg	Liver Cancer Functional Genomics Lab	Department of Biochemistry, National University of Singapore	National Cancer Centre Singapore	11 Hospital Drive	Singapore	169610	Singapore	NONE	47323	hepatocellular carcinoma tumor	liver tissue	tumor	GSE57957	added_external_validation	mixed
GSM1398690	-0.5423199432048754	0.9927986736911796	-1.5351186168960549	RNA from HCC_24N	GSM1398690	Public on Dec 10 2014	May 24 2014	Dec 10 2014	RNA	1	HCC_24N	Homo sapiens	tissue: liver tissue	disease state: adjacent non-tumorous	total RNA	RNA was extracted with Trizol reagent. Quality control was performed with Agilent Bioanalyser.	biotin	Biotinylated cRNA were prepared with the Ambion MessageAmp kit for Illumina arrays	9606	Standard Illumina hybridization protocol	Standard Illumina scanning protocol	adjacent non-tumorous	The data were normalised using quantile normalisation with Partek Software	GPL10558	Lee,Guat Lay,Caroline	caroline_lee@nuhs.edu.sg	Liver Cancer Functional Genomics Lab	Department of Biochemistry, National University of Singapore	National Cancer Centre Singapore	11 Hospital Drive	Singapore	169610	Singapore	NONE	47323	adjacent non-tumorous	liver tissue	non_tumor	GSE57957	added_external_validation	mixed
GSM1398691	0.23593396568512515	-0.8876771296892276	1.1236110953743528	RNA from HCC_24T	GSM1398691	Public on Dec 10 2014	May 24 2014	Dec 10 2014	RNA	1	HCC_24T	Homo sapiens	tissue: liver tissue	disease state: hepatocellular carcinoma tumor	total RNA	RNA was extracted with Trizol reagent. Quality control was performed with Agilent Bioanalyser.	biotin	Biotinylated cRNA were prepared with the Ambion MessageAmp kit for Illumina arrays	9606	Standard Illumina hybridization protocol	Standard Illumina scanning protocol	tumor	The data were normalised using quantile normalisation with Partek Software	GPL10558	Lee,Guat Lay,Caroline	caroline_lee@nuhs.edu.sg	Liver Cancer Functional Genomics Lab	Department of Biochemistry, National University of Singapore	National Cancer Centre Singapore	11 Hospital Drive	Singapore	169610	Singapore	NONE	47323	hepatocellular carcinoma tumor	liver tissue	tumor	GSE57957	added_external_validation	mixed
GSM1398692	0.1407811239894113	-0.8025974568711912	0.9433785808606026	RNA from HCC_25T	GSM1398692	Public on Dec 10 2014	May 24 2014	Dec 10 2014	RNA	1	HCC_25T	Homo sapiens	tissue: liver tissue	disease state: hepatocellular carcinoma tumor	total RNA	RNA was extracted with Trizol reagent. Quality control was performed with Agilent Bioanalyser.	biotin	Biotinylated cRNA were prepared with the Ambion MessageAmp kit for Illumina arrays	9606	Standard Illumina hybridization protocol	Standard Illumina scanning protocol	tumor	The data were normalised using quantile normalisation with Partek Software	GPL10558	Lee,Guat Lay,Caroline	caroline_lee@nuhs.edu.sg	Liver Cancer Functional Genomics Lab	Department of Biochemistry, National University of Singapore	National Cancer Centre Singapore	11 Hospital Drive	Singapore	169610	Singapore	NONE	47323	hepatocellular carcinoma tumor	liver tissue	tumor	GSE57957	added_external_validation	mixed
GSM1398693	-0.47178080466904715	1.0822874715961304	-1.5540682762651774	RNA from HCC_26N	GSM1398693	Public on Dec 10 2014	May 24 2014	Dec 10 2014	RNA	1	HCC_26N	Homo sapiens	tissue: liver tissue	disease state: adjacent non-tumorous	total RNA	RNA was extracted with Trizol reagent. Quality control was performed with Agilent Bioanalyser.	biotin	Biotinylated cRNA were prepared with the Ambion MessageAmp kit for Illumina arrays	9606	Standard Illumina hybridization protocol	Standard Illumina scanning protocol	adjacent non-tumorous	The data were normalised using quantile normalisation with Partek Software	GPL10558	Lee,Guat Lay,Caroline	caroline_lee@nuhs.edu.sg	Liver Cancer Functional Genomics Lab	Department of Biochemistry, National University of Singapore	National Cancer Centre Singapore	11 Hospital Drive	Singapore	169610	Singapore	NONE	47323	adjacent non-tumorous	liver tissue	non_tumor	GSE57957	added_external_validation	mixed
GSM1398694	0.8755374573037529	-0.7813896959696954	1.6569271532734482	RNA from HCC_26T	GSM1398694	Public on Dec 10 2014	May 24 2014	Dec 10 2014	RNA	1	HCC_26T	Homo sapiens	tissue: liver tissue	disease state: hepatocellular carcinoma tumor	total RNA	RNA was extracted with Trizol reagent. Quality control was performed with Agilent Bioanalyser.	biotin	Biotinylated cRNA were prepared with the Ambion MessageAmp kit for Illumina arrays	9606	Standard Illumina hybridization protocol	Standard Illumina scanning protocol	tumor	The data were normalised using quantile normalisation with Partek Software	GPL10558	Lee,Guat Lay,Caroline	caroline_lee@nuhs.edu.sg	Liver Cancer Functional Genomics Lab	Department of Biochemistry, National University of Singapore	National Cancer Centre Singapore	11 Hospital Drive	Singapore	169610	Singapore	NONE	47323	hepatocellular carcinoma tumor	liver tissue	tumor	GSE57957	added_external_validation	mixed
GSM1398695	-0.2658455965718138	0.8120843138364263	-1.07792991040824	RNA from HCC_27N	GSM1398695	Public on Dec 10 2014	May 24 2014	Dec 10 2014	RNA	1	HCC_27N	Homo sapiens	tissue: liver tissue	disease state: adjacent non-tumorous	total RNA	RNA was extracted with Trizol reagent. Quality control was performed with Agilent Bioanalyser.	biotin	Biotinylated cRNA were prepared with the Ambion MessageAmp kit for Illumina arrays	9606	Standard Illumina hybridization protocol	Standard Illumina scanning protocol	adjacent non-tumorous	The data were normalised using quantile normalisation with Partek Software	GPL10558	Lee,Guat Lay,Caroline	caroline_lee@nuhs.edu.sg	Liver Cancer Functional Genomics Lab	Department of Biochemistry, National University of Singapore	National Cancer Centre Singapore	11 Hospital Drive	Singapore	169610	Singapore	NONE	47323	adjacent non-tumorous	liver tissue	non_tumor	GSE57957	added_external_validation	mixed
GSM1398696	0.6525620835708791	-0.8645977522748973	1.5171598358457765	RNA from HCC_27T	GSM1398696	Public on Dec 10 2014	May 24 2014	Dec 10 2014	RNA	1	HCC_27T	Homo sapiens	tissue: liver tissue	disease state: hepatocellular carcinoma tumor	total RNA	RNA was extracted with Trizol reagent. Quality control was performed with Agilent Bioanalyser.	biotin	Biotinylated cRNA were prepared with the Ambion MessageAmp kit for Illumina arrays	9606	Standard Illumina hybridization protocol	Standard Illumina scanning protocol	tumor	The data were normalised using quantile normalisation with Partek Software	GPL10558	Lee,Guat Lay,Caroline	caroline_lee@nuhs.edu.sg	Liver Cancer Functional Genomics Lab	Department of Biochemistry, National University of Singapore	National Cancer Centre Singapore	11 Hospital Drive	Singapore	169610	Singapore	NONE	47323	hepatocellular carcinoma tumor	liver tissue	tumor	GSE57957	added_external_validation	mixed
GSM1398697	-0.4973095141612037	0.7623967222128841	-1.2597062363740879	RNA from HCC_28N	GSM1398697	Public on Dec 10 2014	May 24 2014	Dec 10 2014	RNA	1	HCC_28N	Homo sapiens	tissue: liver tissue	disease state: adjacent non-tumorous	total RNA	RNA was extracted with Trizol reagent. Quality control was performed with Agilent Bioanalyser.	biotin	Biotinylated cRNA were prepared with the Ambion MessageAmp kit for Illumina arrays	9606	Standard Illumina hybridization protocol	Standard Illumina scanning protocol	adjacent non-tumorous	The data were normalised using quantile normalisation with Partek Software	GPL10558	Lee,Guat Lay,Caroline	caroline_lee@nuhs.edu.sg	Liver Cancer Functional Genomics Lab	Department of Biochemistry, National University of Singapore	National Cancer Centre Singapore	11 Hospital Drive	Singapore	169610	Singapore	NONE	47323	adjacent non-tumorous	liver tissue	non_tumor	GSE57957	added_external_validation	mixed
GSM1398698	1.1898035620804042	-0.7839327784398658	1.97373634052027	RNA from HCC_28T	GSM1398698	Public on Dec 10 2014	May 24 2014	Dec 10 2014	RNA	1	HCC_28T	Homo sapiens	tissue: liver tissue	disease state: hepatocellular carcinoma tumor	total RNA	RNA was extracted with Trizol reagent. Quality control was performed with Agilent Bioanalyser.	biotin	Biotinylated cRNA were prepared with the Ambion MessageAmp kit for Illumina arrays	9606	Standard Illumina hybridization protocol	Standard Illumina scanning protocol	tumor	The data were normalised using quantile normalisation with Partek Software	GPL10558	Lee,Guat Lay,Caroline	caroline_lee@nuhs.edu.sg	Liver Cancer Functional Genomics Lab	Department of Biochemistry, National University of Singapore	National Cancer Centre Singapore	11 Hospital Drive	Singapore	169610	Singapore	NONE	47323	hepatocellular carcinoma tumor	liver tissue	tumor	GSE57957	added_external_validation	mixed
GSM1398699	-0.6135329053114515	0.9731671600239722	-1.5867000653354237	RNA from HCC_29N	GSM1398699	Public on Dec 10 2014	May 24 2014	Dec 10 2014	RNA	1	HCC_29N	Homo sapiens	tissue: liver tissue	disease state: adjacent non-tumorous	total RNA	RNA was extracted with Trizol reagent. Quality control was performed with Agilent Bioanalyser.	biotin	Biotinylated cRNA were prepared with the Ambion MessageAmp kit for Illumina arrays	9606	Standard Illumina hybridization protocol	Standard Illumina scanning protocol	adjacent non-tumorous	The data were normalised using quantile normalisation with Partek Software	GPL10558	Lee,Guat Lay,Caroline	caroline_lee@nuhs.edu.sg	Liver Cancer Functional Genomics Lab	Department of Biochemistry, National University of Singapore	National Cancer Centre Singapore	11 Hospital Drive	Singapore	169610	Singapore	NONE	47323	adjacent non-tumorous	liver tissue	non_tumor	GSE57957	added_external_validation	mixed
GSM1398700	1.5335151747297893	-0.6139287424995243	2.147443917229314	RNA from HCC_29T	GSM1398700	Public on Dec 10 2014	May 24 2014	Dec 10 2014	RNA	1	HCC_29T	Homo sapiens	tissue: liver tissue	disease state: hepatocellular carcinoma tumor	total RNA	RNA was extracted with Trizol reagent. Quality control was performed with Agilent Bioanalyser.	biotin	Biotinylated cRNA were prepared with the Ambion MessageAmp kit for Illumina arrays	9606	Standard Illumina hybridization protocol	Standard Illumina scanning protocol	tumor	The data were normalised using quantile normalisation with Partek Software	GPL10558	Lee,Guat Lay,Caroline	caroline_lee@nuhs.edu.sg	Liver Cancer Functional Genomics Lab	Department of Biochemistry, National University of Singapore	National Cancer Centre Singapore	11 Hospital Drive	Singapore	169610	Singapore	NONE	47323	hepatocellular carcinoma tumor	liver tissue	tumor	GSE57957	added_external_validation	mixed
GSM1398701	-0.5714005568883913	0.7539880606338565	-1.3253886175222478	RNA from HCC_30N	GSM1398701	Public on Dec 10 2014	May 24 2014	Dec 10 2014	RNA	1	HCC_30N	Homo sapiens	tissue: liver tissue	disease state: adjacent non-tumorous	total RNA	RNA was extracted with Trizol reagent. Quality control was performed with Agilent Bioanalyser.	biotin	Biotinylated cRNA were prepared with the Ambion MessageAmp kit for Illumina arrays	9606	Standard Illumina hybridization protocol	Standard Illumina scanning protocol	adjacent non-tumorous	The data were normalised using quantile normalisation with Partek Software	GPL10558	Lee,Guat Lay,Caroline	caroline_lee@nuhs.edu.sg	Liver Cancer Functional Genomics Lab	Department of Biochemistry, National University of Singapore	National Cancer Centre Singapore	11 Hospital Drive	Singapore	169610	Singapore	NONE	47323	adjacent non-tumorous	liver tissue	non_tumor	GSE57957	added_external_validation	mixed
GSM1398702	0.16407806516489506	-0.7079574631790718	0.8720355283439669	RNA from HCC_30T	GSM1398702	Public on Dec 10 2014	May 24 2014	Dec 10 2014	RNA	1	HCC_30T	Homo sapiens	tissue: liver tissue	disease state: hepatocellular carcinoma tumor	total RNA	RNA was extracted with Trizol reagent. Quality control was performed with Agilent Bioanalyser.	biotin	Biotinylated cRNA were prepared with the Ambion MessageAmp kit for Illumina arrays	9606	Standard Illumina hybridization protocol	Standard Illumina scanning protocol	tumor	The data were normalised using quantile normalisation with Partek Software	GPL10558	Lee,Guat Lay,Caroline	caroline_lee@nuhs.edu.sg	Liver Cancer Functional Genomics Lab	Department of Biochemistry, National University of Singapore	National Cancer Centre Singapore	11 Hospital Drive	Singapore	169610	Singapore	NONE	47323	hepatocellular carcinoma tumor	liver tissue	tumor	GSE57957	added_external_validation	mixed
GSM1398703	-0.6368282017365253	0.24272227626560203	-0.8795504780021274	RNA from HCC_31N	GSM1398703	Public on Dec 10 2014	May 24 2014	Dec 10 2014	RNA	1	HCC_31N	Homo sapiens	tissue: liver tissue	disease state: adjacent non-tumorous	total RNA	RNA was extracted with Trizol reagent. Quality control was performed with Agilent Bioanalyser.	biotin	Biotinylated cRNA were prepared with the Ambion MessageAmp kit for Illumina arrays	9606	Standard Illumina hybridization protocol	Standard Illumina scanning protocol	adjacent non-tumorous	The data were normalised using quantile normalisation with Partek Software	GPL10558	Lee,Guat Lay,Caroline	caroline_lee@nuhs.edu.sg	Liver Cancer Functional Genomics Lab	Department of Biochemistry, National University of Singapore	National Cancer Centre Singapore	11 Hospital Drive	Singapore	169610	Singapore	NONE	47323	adjacent non-tumorous	liver tissue	non_tumor	GSE57957	added_external_validation	mixed
GSM1398704	1.119249577998494	-0.8468289838591418	1.9660785618576357	RNA from HCC_31T	GSM1398704	Public on Dec 10 2014	May 24 2014	Dec 10 2014	RNA	1	HCC_31T	Homo sapiens	tissue: liver tissue	disease state: hepatocellular carcinoma tumor	total RNA	RNA was extracted with Trizol reagent. Quality control was performed with Agilent Bioanalyser.	biotin	Biotinylated cRNA were prepared with the Ambion MessageAmp kit for Illumina arrays	9606	Standard Illumina hybridization protocol	Standard Illumina scanning protocol	tumor	The data were normalised using quantile normalisation with Partek Software	GPL10558	Lee,Guat Lay,Caroline	caroline_lee@nuhs.edu.sg	Liver Cancer Functional Genomics Lab	Department of Biochemistry, National University of Singapore	National Cancer Centre Singapore	11 Hospital Drive	Singapore	169610	Singapore	NONE	47323	hepatocellular carcinoma tumor	liver tissue	tumor	GSE57957	added_external_validation	mixed
GSM1398705	-0.46311514793265346	0.24379680910026505	-0.7069119570329185	RNA from HCC_32N	GSM1398705	Public on Dec 10 2014	May 24 2014	Dec 10 2014	RNA	1	HCC_32N	Homo sapiens	tissue: liver tissue	disease state: adjacent non-tumorous	total RNA	RNA was extracted with Trizol reagent. Quality control was performed with Agilent Bioanalyser.	biotin	Biotinylated cRNA were prepared with the Ambion MessageAmp kit for Illumina arrays	9606	Standard Illumina hybridization protocol	Standard Illumina scanning protocol	adjacent non-tumorous	The data were normalised using quantile normalisation with Partek Software	GPL10558	Lee,Guat Lay,Caroline	caroline_lee@nuhs.edu.sg	Liver Cancer Functional Genomics Lab	Department of Biochemistry, National University of Singapore	National Cancer Centre Singapore	11 Hospital Drive	Singapore	169610	Singapore	NONE	47323	adjacent non-tumorous	liver tissue	non_tumor	GSE57957	added_external_validation	mixed
GSM1398706	-0.499263514375016	0.8491069818183766	-1.3483704961933927	RNA from HCC_33N	GSM1398706	Public on Dec 10 2014	May 24 2014	Dec 10 2014	RNA	1	HCC_33N	Homo sapiens	tissue: liver tissue	disease state: adjacent non-tumorous	total RNA	RNA was extracted with Trizol reagent. Quality control was performed with Agilent Bioanalyser.	biotin	Biotinylated cRNA were prepared with the Ambion MessageAmp kit for Illumina arrays	9606	Standard Illumina hybridization protocol	Standard Illumina scanning protocol	adjacent non-tumorous	The data were normalised using quantile normalisation with Partek Software	GPL10558	Lee,Guat Lay,Caroline	caroline_lee@nuhs.edu.sg	Liver Cancer Functional Genomics Lab	Department of Biochemistry, National University of Singapore	National Cancer Centre Singapore	11 Hospital Drive	Singapore	169610	Singapore	NONE	47323	adjacent non-tumorous	liver tissue	non_tumor	GSE57957	added_external_validation	mixed
GSM1398707	0.9702888198358788	-0.8946756157465309	1.8649644355824098	RNA from HCC_33T	GSM1398707	Public on Dec 10 2014	May 24 2014	Dec 10 2014	RNA	1	HCC_33T	Homo sapiens	tissue: liver tissue	disease state: hepatocellular carcinoma tumor	total RNA	RNA was extracted with Trizol reagent. Quality control was performed with Agilent Bioanalyser.	biotin	Biotinylated cRNA were prepared with the Ambion MessageAmp kit for Illumina arrays	9606	Standard Illumina hybridization protocol	Standard Illumina scanning protocol	tumor	The data were normalised using quantile normalisation with Partek Software	GPL10558	Lee,Guat Lay,Caroline	caroline_lee@nuhs.edu.sg	Liver Cancer Functional Genomics Lab	Department of Biochemistry, National University of Singapore	National Cancer Centre Singapore	11 Hospital Drive	Singapore	169610	Singapore	NONE	47323	hepatocellular carcinoma tumor	liver tissue	tumor	GSE57957	added_external_validation	mixed
GSM1398708	-0.5671707771187244	0.5814734743634546	-1.148644251482179	RNA from HCC_34N	GSM1398708	Public on Dec 10 2014	May 24 2014	Dec 10 2014	RNA	1	HCC_34N	Homo sapiens	tissue: liver tissue	disease state: adjacent non-tumorous	total RNA	RNA was extracted with Trizol reagent. Quality control was performed with Agilent Bioanalyser.	biotin	Biotinylated cRNA were prepared with the Ambion MessageAmp kit for Illumina arrays	9606	Standard Illumina hybridization protocol	Standard Illumina scanning protocol	adjacent non-tumorous	The data were normalised using quantile normalisation with Partek Software	GPL10558	Lee,Guat Lay,Caroline	caroline_lee@nuhs.edu.sg	Liver Cancer Functional Genomics Lab	Department of Biochemistry, National University of Singapore	National Cancer Centre Singapore	11 Hospital Drive	Singapore	169610	Singapore	NONE	47323	adjacent non-tumorous	liver tissue	non_tumor	GSE57957	added_external_validation	mixed
GSM1398709	-0.5289089300418988	0.8063781725422081	-1.3352871025841069	RNA from HCC_35N	GSM1398709	Public on Dec 10 2014	May 24 2014	Dec 10 2014	RNA	1	HCC_35N	Homo sapiens	tissue: liver tissue	disease state: adjacent non-tumorous	total RNA	RNA was extracted with Trizol reagent. Quality control was performed with Agilent Bioanalyser.	biotin	Biotinylated cRNA were prepared with the Ambion MessageAmp kit for Illumina arrays	9606	Standard Illumina hybridization protocol	Standard Illumina scanning protocol	adjacent non-tumorous	The data were normalised using quantile normalisation with Partek Software	GPL10558	Lee,Guat Lay,Caroline	caroline_lee@nuhs.edu.sg	Liver Cancer Functional Genomics Lab	Department of Biochemistry, National University of Singapore	National Cancer Centre Singapore	11 Hospital Drive	Singapore	169610	Singapore	NONE	47323	adjacent non-tumorous	liver tissue	non_tumor	GSE57957	added_external_validation	mixed
GSM1398710	0.600367875077385	-0.797727220395446	1.398095095472831	RNA from HCC_35T	GSM1398710	Public on Dec 10 2014	May 24 2014	Dec 10 2014	RNA	1	HCC_35T	Homo sapiens	tissue: liver tissue	disease state: hepatocellular carcinoma tumor	total RNA	RNA was extracted with Trizol reagent. Quality control was performed with Agilent Bioanalyser.	biotin	Biotinylated cRNA were prepared with the Ambion MessageAmp kit for Illumina arrays	9606	Standard Illumina hybridization protocol	Standard Illumina scanning protocol	tumor	The data were normalised using quantile normalisation with Partek Software	GPL10558	Lee,Guat Lay,Caroline	caroline_lee@nuhs.edu.sg	Liver Cancer Functional Genomics Lab	Department of Biochemistry, National University of Singapore	National Cancer Centre Singapore	11 Hospital Drive	Singapore	169610	Singapore	NONE	47323	hepatocellular carcinoma tumor	liver tissue	tumor	GSE57957	added_external_validation	mixed
GSM1398711	-0.5196889943227656	2.582960866615504	-3.1026498609382696	RNA from HCC_36N	GSM1398711	Public on Dec 10 2014	May 24 2014	Dec 10 2014	RNA	1	HCC_36N	Homo sapiens	tissue: liver tissue	disease state: adjacent non-tumorous	total RNA	RNA was extracted with Trizol reagent. Quality control was performed with Agilent Bioanalyser.	biotin	Biotinylated cRNA were prepared with the Ambion MessageAmp kit for Illumina arrays	9606	Standard Illumina hybridization protocol	Standard Illumina scanning protocol	adjacent non-tumorous	The data were normalised using quantile normalisation with Partek Software	GPL10558	Lee,Guat Lay,Caroline	caroline_lee@nuhs.edu.sg	Liver Cancer Functional Genomics Lab	Department of Biochemistry, National University of Singapore	National Cancer Centre Singapore	11 Hospital Drive	Singapore	169610	Singapore	NONE	47323	adjacent non-tumorous	liver tissue	non_tumor	GSE57957	added_external_validation	mixed
GSM1398712	-0.25146148569493054	-0.41463942112749363	0.1631779354325631	RNA from HCC_36T	GSM1398712	Public on Dec 10 2014	May 24 2014	Dec 10 2014	RNA	1	HCC_36T	Homo sapiens	tissue: liver tissue	disease state: hepatocellular carcinoma tumor	total RNA	RNA was extracted with Trizol reagent. Quality control was performed with Agilent Bioanalyser.	biotin	Biotinylated cRNA were prepared with the Ambion MessageAmp kit for Illumina arrays	9606	Standard Illumina hybridization protocol	Standard Illumina scanning protocol	tumor	The data were normalised using quantile normalisation with Partek Software	GPL10558	Lee,Guat Lay,Caroline	caroline_lee@nuhs.edu.sg	Liver Cancer Functional Genomics Lab	Department of Biochemistry, National University of Singapore	National Cancer Centre Singapore	11 Hospital Drive	Singapore	169610	Singapore	NONE	47323	hepatocellular carcinoma tumor	liver tissue	tumor	GSE57957	added_external_validation	mixed
GSM1398713	-0.6046504222679396	0.5499253602810743	-1.154575782549014	RNA from HCC_37N	GSM1398713	Public on Dec 10 2014	May 24 2014	Dec 10 2014	RNA	1	HCC_37N	Homo sapiens	tissue: liver tissue	disease state: adjacent non-tumorous	total RNA	RNA was extracted with Trizol reagent. Quality control was performed with Agilent Bioanalyser.	biotin	Biotinylated cRNA were prepared with the Ambion MessageAmp kit for Illumina arrays	9606	Standard Illumina hybridization protocol	Standard Illumina scanning protocol	adjacent non-tumorous	The data were normalised using quantile normalisation with Partek Software	GPL10558	Lee,Guat Lay,Caroline	caroline_lee@nuhs.edu.sg	Liver Cancer Functional Genomics Lab	Department of Biochemistry, National University of Singapore	National Cancer Centre Singapore	11 Hospital Drive	Singapore	169610	Singapore	NONE	47323	adjacent non-tumorous	liver tissue	non_tumor	GSE57957	added_external_validation	mixed
GSM1398714	0.4662194692080024	-0.8651196745580805	1.3313391437660829	RNA from HCC_37T	GSM1398714	Public on Dec 10 2014	May 24 2014	Dec 10 2014	RNA	1	HCC_37T	Homo sapiens	tissue: liver tissue	disease state: hepatocellular carcinoma tumor	total RNA	RNA was extracted with Trizol reagent. Quality control was performed with Agilent Bioanalyser.	biotin	Biotinylated cRNA were prepared with the Ambion MessageAmp kit for Illumina arrays	9606	Standard Illumina hybridization protocol	Standard Illumina scanning protocol	tumor	The data were normalised using quantile normalisation with Partek Software	GPL10558	Lee,Guat Lay,Caroline	caroline_lee@nuhs.edu.sg	Liver Cancer Functional Genomics Lab	Department of Biochemistry, National University of Singapore	National Cancer Centre Singapore	11 Hospital Drive	Singapore	169610	Singapore	NONE	47323	hepatocellular carcinoma tumor	liver tissue	tumor	GSE57957	added_external_validation	mixed
GSM1398715	-0.5880732020774423	0.6805278490172085	-1.2686010510946508	RNA from HCC_38N	GSM1398715	Public on Dec 10 2014	May 24 2014	Dec 10 2014	RNA	1	HCC_38N	Homo sapiens	tissue: liver tissue	disease state: adjacent non-tumorous	total RNA	RNA was extracted with Trizol reagent. Quality control was performed with Agilent Bioanalyser.	biotin	Biotinylated cRNA were prepared with the Ambion MessageAmp kit for Illumina arrays	9606	Standard Illumina hybridization protocol	Standard Illumina scanning protocol	adjacent non-tumorous	The data were normalised using quantile normalisation with Partek Software	GPL10558	Lee,Guat Lay,Caroline	caroline_lee@nuhs.edu.sg	Liver Cancer Functional Genomics Lab	Department of Biochemistry, National University of Singapore	National Cancer Centre Singapore	11 Hospital Drive	Singapore	169610	Singapore	NONE	47323	adjacent non-tumorous	liver tissue	non_tumor	GSE57957	added_external_validation	mixed
GSM1398716	1.5947143119817286	-0.9934488666692769	2.5881631786510058	RNA from HCC_38T	GSM1398716	Public on Dec 10 2014	May 24 2014	Dec 10 2014	RNA	1	HCC_38T	Homo sapiens	tissue: liver tissue	disease state: hepatocellular carcinoma tumor	total RNA	RNA was extracted with Trizol reagent. Quality control was performed with Agilent Bioanalyser.	biotin	Biotinylated cRNA were prepared with the Ambion MessageAmp kit for Illumina arrays	9606	Standard Illumina hybridization protocol	Standard Illumina scanning protocol	tumor	The data were normalised using quantile normalisation with Partek Software	GPL10558	Lee,Guat Lay,Caroline	caroline_lee@nuhs.edu.sg	Liver Cancer Functional Genomics Lab	Department of Biochemistry, National University of Singapore	National Cancer Centre Singapore	11 Hospital Drive	Singapore	169610	Singapore	NONE	47323	hepatocellular carcinoma tumor	liver tissue	tumor	GSE57957	added_external_validation	mixed
GSM1398717	-0.7214448186425544	0.5522903895355666	-1.273735208178121	RNA from HCC_39N	GSM1398717	Public on Dec 10 2014	May 24 2014	Dec 10 2014	RNA	1	HCC_39N	Homo sapiens	tissue: liver tissue	disease state: adjacent non-tumorous	total RNA	RNA was extracted with Trizol reagent. Quality control was performed with Agilent Bioanalyser.	biotin	Biotinylated cRNA were prepared with the Ambion MessageAmp kit for Illumina arrays	9606	Standard Illumina hybridization protocol	Standard Illumina scanning protocol	adjacent non-tumorous	The data were normalised using quantile normalisation with Partek Software	GPL10558	Lee,Guat Lay,Caroline	caroline_lee@nuhs.edu.sg	Liver Cancer Functional Genomics Lab	Department of Biochemistry, National University of Singapore	National Cancer Centre Singapore	11 Hospital Drive	Singapore	169610	Singapore	NONE	47323	adjacent non-tumorous	liver tissue	non_tumor	GSE57957	added_external_validation	mixed
GSM1398718	0.8388041070241602	-0.9392518704030608	1.778055977427221	RNA from HCC_39T	GSM1398718	Public on Dec 10 2014	May 24 2014	Dec 10 2014	RNA	1	HCC_39T	Homo sapiens	tissue: liver tissue	disease state: hepatocellular carcinoma tumor	total RNA	RNA was extracted with Trizol reagent. Quality control was performed with Agilent Bioanalyser.	biotin	Biotinylated cRNA were prepared with the Ambion MessageAmp kit for Illumina arrays	9606	Standard Illumina hybridization protocol	Standard Illumina scanning protocol	tumor	The data were normalised using quantile normalisation with Partek Software	GPL10558	Lee,Guat Lay,Caroline	caroline_lee@nuhs.edu.sg	Liver Cancer Functional Genomics Lab	Department of Biochemistry, National University of Singapore	National Cancer Centre Singapore	11 Hospital Drive	Singapore	169610	Singapore	NONE	47323	hepatocellular carcinoma tumor	liver tissue	tumor	GSE57957	added_external_validation	mixed
GSM1398719	-0.5126945790371158	0.5953210607261722	-1.108015639763288	RNA from HCC_40N	GSM1398719	Public on Dec 10 2014	May 24 2014	Dec 10 2014	RNA	1	HCC_40N	Homo sapiens	tissue: liver tissue	disease state: adjacent non-tumorous	total RNA	RNA was extracted with Trizol reagent. Quality control was performed with Agilent Bioanalyser.	biotin	Biotinylated cRNA were prepared with the Ambion MessageAmp kit for Illumina arrays	9606	Standard Illumina hybridization protocol	Standard Illumina scanning protocol	adjacent non-tumorous	The data were normalised using quantile normalisation with Partek Software	GPL10558	Lee,Guat Lay,Caroline	caroline_lee@nuhs.edu.sg	Liver Cancer Functional Genomics Lab	Department of Biochemistry, National University of Singapore	National Cancer Centre Singapore	11 Hospital Drive	Singapore	169610	Singapore	NONE	47323	adjacent non-tumorous	liver tissue	non_tumor	GSE57957	added_external_validation	mixed
GSM1398720	0.4957402918200504	-0.7832662876607153	1.2790065794807657	RNA from HCC_40T	GSM1398720	Public on Dec 10 2014	May 24 2014	Dec 10 2014	RNA	1	HCC_40T	Homo sapiens	tissue: liver tissue	disease state: hepatocellular carcinoma tumor	total RNA	RNA was extracted with Trizol reagent. Quality control was performed with Agilent Bioanalyser.	biotin	Biotinylated cRNA were prepared with the Ambion MessageAmp kit for Illumina arrays	9606	Standard Illumina hybridization protocol	Standard Illumina scanning protocol	tumor	The data were normalised using quantile normalisation with Partek Software	GPL10558	Lee,Guat Lay,Caroline	caroline_lee@nuhs.edu.sg	Liver Cancer Functional Genomics Lab	Department of Biochemistry, National University of Singapore	National Cancer Centre Singapore	11 Hospital Drive	Singapore	169610	Singapore	NONE	47323	hepatocellular carcinoma tumor	liver tissue	tumor	GSE57957	added_external_validation	mixed
GSM1398721	-0.37447325161375883	0.3843618259815263	-0.7588350775952851	RNA from HCC_41N	GSM1398721	Public on Dec 10 2014	May 24 2014	Dec 10 2014	RNA	1	HCC_41N	Homo sapiens	tissue: liver tissue	disease state: adjacent non-tumorous	total RNA	RNA was extracted with Trizol reagent. Quality control was performed with Agilent Bioanalyser.	biotin	Biotinylated cRNA were prepared with the Ambion MessageAmp kit for Illumina arrays	9606	Standard Illumina hybridization protocol	Standard Illumina scanning protocol	adjacent non-tumorous	The data were normalised using quantile normalisation with Partek Software	GPL10558	Lee,Guat Lay,Caroline	caroline_lee@nuhs.edu.sg	Liver Cancer Functional Genomics Lab	Department of Biochemistry, National University of Singapore	National Cancer Centre Singapore	11 Hospital Drive	Singapore	169610	Singapore	NONE	47323	adjacent non-tumorous	liver tissue	non_tumor	GSE57957	added_external_validation	mixed
GSM1398722	2.3874913007969685	-0.9480434519664704	3.335534752763439	RNA from HCC_41T	GSM1398722	Public on Dec 10 2014	May 24 2014	Dec 10 2014	RNA	1	HCC_41T	Homo sapiens	tissue: liver tissue	disease state: hepatocellular carcinoma tumor	total RNA	RNA was extracted with Trizol reagent. Quality control was performed with Agilent Bioanalyser.	biotin	Biotinylated cRNA were prepared with the Ambion MessageAmp kit for Illumina arrays	9606	Standard Illumina hybridization protocol	Standard Illumina scanning protocol	tumor	The data were normalised using quantile normalisation with Partek Software	GPL10558	Lee,Guat Lay,Caroline	caroline_lee@nuhs.edu.sg	Liver Cancer Functional Genomics Lab	Department of Biochemistry, National University of Singapore	National Cancer Centre Singapore	11 Hospital Drive	Singapore	169610	Singapore	NONE	47323	hepatocellular carcinoma tumor	liver tissue	tumor	GSE57957	added_external_validation	mixed
