sample_id	tissue	cell_fraction	fraction
GSM3428716	tumor	T cells CD4 memory resting	0.0105729105175059
GSM3428716	tumor	Macrophages M2	0.167527298445442
GSM3428716	tumor	Plasma cells	0.045012805119697
GSM3428716	tumor	Macrophages M0	0
GSM3428716	tumor	T cells CD8	0.157347276287749
GSM3428716	tumor	Macrophages M1	0.0916842261894907
GSM3428716	tumor	T cells follicular helper	0.0814228415723606
GSM3428716	tumor	Mast cells activated	0.0861453038832061
GSM3428716	tumor	B cells memory	0
GSM3428716	tumor	NK cells activated	0.0700053733539716
GSM3428717	tumor	T cells CD4 memory resting	0.193259882287408
GSM3428717	tumor	Macrophages M2	0.145666308514389
GSM3428717	tumor	Plasma cells	0.0873486833909783
GSM3428717	tumor	Macrophages M0	0.0834911074788691
GSM3428717	tumor	T cells CD8	0.0916474175054362
GSM3428717	tumor	Macrophages M1	0
GSM3428717	tumor	T cells follicular helper	0.00786612225511296
GSM3428717	tumor	Mast cells activated	0
GSM3428717	tumor	B cells memory	0.100541214142061
GSM3428717	tumor	NK cells activated	0.115606271754744
GSM3428718	tumor	T cells CD4 memory resting	0.104776935044705
GSM3428718	tumor	Macrophages M2	0.173558590788325
GSM3428718	tumor	Plasma cells	0.176150113196316
GSM3428718	tumor	Macrophages M0	0.107968014130286
GSM3428718	tumor	T cells CD8	0.0773218634902724
GSM3428718	tumor	Macrophages M1	0.0630476394040164
GSM3428718	tumor	T cells follicular helper	0.00466979753429552
GSM3428718	tumor	Mast cells activated	0.0704240740546012
GSM3428718	tumor	B cells memory	0.0496139154663456
GSM3428718	tumor	NK cells activated	0.0634231396969397
GSM3428719	tumor	T cells CD4 memory resting	0.249432060323332
GSM3428719	tumor	Macrophages M2	0.253474909034991
GSM3428719	tumor	Plasma cells	0.0718223470561943
GSM3428719	tumor	Macrophages M0	0
GSM3428719	tumor	T cells CD8	0.0243898712141561
GSM3428719	tumor	Macrophages M1	0.0251710663923833
GSM3428719	tumor	T cells follicular helper	0
GSM3428719	tumor	Mast cells activated	0.0821989882707029
GSM3428719	tumor	B cells memory	0.0953704967381061
GSM3428719	tumor	NK cells activated	0.0621739224617068
GSM3428720	tumor	T cells CD4 memory resting	0.369136018603108
GSM3428720	tumor	Macrophages M2	0.0329522095209629
GSM3428720	tumor	Plasma cells	0.0643168086260113
GSM3428720	tumor	Macrophages M0	0.0620131714535598
GSM3428720	tumor	T cells CD8	0.0747750908057163
GSM3428720	tumor	Macrophages M1	0.0169379074395972
GSM3428720	tumor	T cells follicular helper	0
GSM3428720	tumor	Mast cells activated	0
GSM3428720	tumor	B cells memory	0.0342018311574812
GSM3428720	tumor	NK cells activated	0.0209465130668737
GSM3428721	tumor	T cells CD4 memory resting	0.233790201976699
GSM3428721	tumor	Macrophages M2	0.236147947553235
GSM3428721	tumor	Plasma cells	0.047626359974306
GSM3428721	tumor	Macrophages M0	0.0692282707671981
GSM3428721	tumor	T cells CD8	0.0636844897161617
GSM3428721	tumor	Macrophages M1	0.100205167058373
GSM3428721	tumor	T cells follicular helper	0.0485087582826975
GSM3428721	tumor	Mast cells activated	0.0359968392544227
GSM3428721	tumor	B cells memory	0
GSM3428721	tumor	NK cells activated	0.0727253984563186
GSM3428722	tumor	T cells CD4 memory resting	0.0604135451974949
GSM3428722	tumor	Macrophages M2	0.107789313591797
GSM3428722	tumor	Plasma cells	0.218029524718966
GSM3428722	tumor	Macrophages M0	0.0116673082234585
GSM3428722	tumor	T cells CD8	0.116381544306447
GSM3428722	tumor	Macrophages M1	0.13898265082402
GSM3428722	tumor	T cells follicular helper	0.0709817784032124
GSM3428722	tumor	Mast cells activated	0
GSM3428722	tumor	B cells memory	0.071650146878152
GSM3428722	tumor	NK cells activated	0.0833234982446117
GSM3428723	tumor	T cells CD4 memory resting	0.0167166220688685
GSM3428723	tumor	Macrophages M2	0.267669916565391
GSM3428723	tumor	Plasma cells	0.225602445644418
GSM3428723	tumor	Macrophages M0	0.0799578350811673
GSM3428723	tumor	T cells CD8	0.110096123692374
GSM3428723	tumor	Macrophages M1	0.0557430274284787
GSM3428723	tumor	T cells follicular helper	0.0557917577078922
GSM3428723	tumor	Mast cells activated	0.0143248684748172
GSM3428723	tumor	B cells memory	0.0309795123623125
GSM3428723	tumor	NK cells activated	0.0632749903739237
GSM3428724	tumor	T cells CD4 memory resting	0.060222086687344
GSM3428724	tumor	Macrophages M2	0.412548329658057
GSM3428724	tumor	Plasma cells	0.127380435947419
GSM3428724	tumor	Macrophages M0	0.00773270705876209
GSM3428724	tumor	T cells CD8	0.0502295165024837
GSM3428724	tumor	Macrophages M1	0.00873540604784695
GSM3428724	tumor	T cells follicular helper	0.0312968689162261
GSM3428724	tumor	Mast cells activated	0.116333982340466
GSM3428724	tumor	B cells memory	0.050468315760976
GSM3428724	tumor	NK cells activated	0.00296393103829289
GSM3428725	tumor	T cells CD4 memory resting	0.130902024467124
GSM3428725	tumor	Macrophages M2	0.28271729487512
GSM3428725	tumor	Plasma cells	0.0425111311577292
GSM3428725	tumor	Macrophages M0	0
GSM3428725	tumor	T cells CD8	0.155808789850742
GSM3428725	tumor	Macrophages M1	0.0250736950042158
GSM3428725	tumor	T cells follicular helper	0.0262515471222691
GSM3428725	tumor	Mast cells activated	0.0665552165792015
GSM3428725	tumor	B cells memory	0
GSM3428725	tumor	NK cells activated	0.0236777729433443
GSM3428726	tumor	T cells CD4 memory resting	0.316305232174511
GSM3428726	tumor	Macrophages M2	0.118908990109433
GSM3428726	tumor	Plasma cells	0.0500028526976109
GSM3428726	tumor	Macrophages M0	0.118147211553245
GSM3428726	tumor	T cells CD8	0.0398457362164145
GSM3428726	tumor	Macrophages M1	0.0298016905621584
GSM3428726	tumor	T cells follicular helper	0.0657845395663668
GSM3428726	tumor	Mast cells activated	0
GSM3428726	tumor	B cells memory	0.0591200028120746
GSM3428726	tumor	NK cells activated	0.00590297994581671
GSM3428727	tumor	T cells CD4 memory resting	0.183239865395957
GSM3428727	tumor	Macrophages M2	0.212430596861465
GSM3428727	tumor	Plasma cells	0.0294357986823921
GSM3428727	tumor	Macrophages M0	0
GSM3428727	tumor	T cells CD8	0.171666444801942
GSM3428727	tumor	Macrophages M1	0.137823259021245
GSM3428727	tumor	T cells follicular helper	0.0291424766610374
GSM3428727	tumor	Mast cells activated	0
GSM3428727	tumor	B cells memory	0
GSM3428727	tumor	NK cells activated	0.0422381605725641
GSM3428728	tumor	T cells CD4 memory resting	0.13879839181321
GSM3428728	tumor	Macrophages M2	0.313637102829436
GSM3428728	tumor	Plasma cells	0.0404233985513655
GSM3428728	tumor	Macrophages M0	0
GSM3428728	tumor	T cells CD8	0.111235069247234
GSM3428728	tumor	Macrophages M1	0.00634831308991107
GSM3428728	tumor	T cells follicular helper	0.0634670705833383
GSM3428728	tumor	Mast cells activated	0.0624634074720334
GSM3428728	tumor	B cells memory	0.00986990331019684
GSM3428728	tumor	NK cells activated	0.0883566044794244
GSM3428729	tumor	T cells CD4 memory resting	0.170681833973388
GSM3428729	tumor	Macrophages M2	0.42737532478981
GSM3428729	tumor	Plasma cells	0.0264125172615347
GSM3428729	tumor	Macrophages M0	0
GSM3428729	tumor	T cells CD8	0.00443282808868512
GSM3428729	tumor	Macrophages M1	0.0547767124686632
GSM3428729	tumor	T cells follicular helper	0.0255332316504138
GSM3428729	tumor	Mast cells activated	0.0521938126511778
GSM3428729	tumor	B cells memory	0
GSM3428729	tumor	NK cells activated	0.0661777956978998
GSM3428730	tumor	T cells CD4 memory resting	0.093359754020747
GSM3428730	tumor	Macrophages M2	0.335552109974264
GSM3428730	tumor	Plasma cells	0.132670824850553
GSM3428730	tumor	Macrophages M0	0
GSM3428730	tumor	T cells CD8	0.105802796335652
GSM3428730	tumor	Macrophages M1	0.0730918620668812
GSM3428730	tumor	T cells follicular helper	0.0383957424963973
GSM3428730	tumor	Mast cells activated	0.0701436625634039
GSM3428730	tumor	B cells memory	0
GSM3428730	tumor	NK cells activated	0.0554934387495054
GSM3428731	tumor	T cells CD4 memory resting	0.0964881524017155
GSM3428731	tumor	Macrophages M2	0.189859937455713
GSM3428731	tumor	Plasma cells	0.16677671425941001
GSM3428731	tumor	Macrophages M0	0
GSM3428731	tumor	T cells CD8	0.249467652870823
GSM3428731	tumor	Macrophages M1	0.128220882648196
GSM3428731	tumor	T cells follicular helper	0.0107054143411025
GSM3428731	tumor	Mast cells activated	0.037612131424272
GSM3428731	tumor	B cells memory	0.0251489555913841
GSM3428731	tumor	NK cells activated	0.0395550267950492
GSM3428732	tumor	T cells CD4 memory resting	0.327097386023376
GSM3428732	tumor	Macrophages M2	0
GSM3428732	tumor	Plasma cells	0.0545970411160927
GSM3428732	tumor	Macrophages M0	0.108915324085601
GSM3428732	tumor	T cells CD8	0.00842165100662698
GSM3428732	tumor	Macrophages M1	0.0205492417101743
GSM3428732	tumor	T cells follicular helper	0.0614028550658192
GSM3428732	tumor	Mast cells activated	0
GSM3428732	tumor	B cells memory	0
GSM3428732	tumor	NK cells activated	0.00424173299188209
GSM3428733	tumor	T cells CD4 memory resting	0.410001956618126
GSM3428733	tumor	Macrophages M2	0.157554695350048
GSM3428733	tumor	Plasma cells	0.093401317330624
GSM3428733	tumor	Macrophages M0	0.0269220095856069
GSM3428733	tumor	T cells CD8	0.0470682724581244
GSM3428733	tumor	Macrophages M1	0.0810548542179574
GSM3428733	tumor	T cells follicular helper	0
GSM3428733	tumor	Mast cells activated	0.0450476917640013
GSM3428733	tumor	B cells memory	0.00316028298332422
GSM3428733	tumor	NK cells activated	0.0643933499115494
GSM3428734	tumor	T cells CD4 memory resting	0.0834693104605315
GSM3428734	tumor	Macrophages M2	0.268629352095228
GSM3428734	tumor	Plasma cells	0.0559431332482492
GSM3428734	tumor	Macrophages M0	0.03524497883447
GSM3428734	tumor	T cells CD8	0.114530650567013
GSM3428734	tumor	Macrophages M1	0
GSM3428734	tumor	T cells follicular helper	0.123264266400082
GSM3428734	tumor	Mast cells activated	0.0570593607253726
GSM3428734	tumor	B cells memory	0
GSM3428734	tumor	NK cells activated	0.0751439110296553
GSM3428735	tumor	T cells CD4 memory resting	0
GSM3428735	tumor	Macrophages M2	0.164991356027535
GSM3428735	tumor	Plasma cells	0.183833245832681
GSM3428735	tumor	Macrophages M0	0
GSM3428735	tumor	T cells CD8	0.253565497083806
GSM3428735	tumor	Macrophages M1	0.0580444861185139
GSM3428735	tumor	T cells follicular helper	0.0640078804738593
GSM3428735	tumor	Mast cells activated	0
GSM3428735	tumor	B cells memory	0.135670958271994
GSM3428735	tumor	NK cells activated	0.0599194788899846
GSM3428736	tumor	T cells CD4 memory resting	0.228824621692784
GSM3428736	tumor	Macrophages M2	0.253062052459614
GSM3428736	tumor	Plasma cells	0.0626433220651646
GSM3428736	tumor	Macrophages M0	0.0601428936714669
GSM3428736	tumor	T cells CD8	0.0803923022921277
GSM3428736	tumor	Macrophages M1	0.0224577557064121
GSM3428736	tumor	T cells follicular helper	0.0828484084059876
GSM3428736	tumor	Mast cells activated	0
GSM3428736	tumor	B cells memory	0.0688855013690499
GSM3428736	tumor	NK cells activated	0.0730405462548269
GSM3428737	tumor	T cells CD4 memory resting	0
GSM3428737	tumor	Macrophages M2	0.178464119551281
GSM3428737	tumor	Plasma cells	0.0663127721642118
GSM3428737	tumor	Macrophages M0	0
GSM3428737	tumor	T cells CD8	0.146358771046087
GSM3428737	tumor	Macrophages M1	0.16435121790007
GSM3428737	tumor	T cells follicular helper	0.0542385795013385
GSM3428737	tumor	Mast cells activated	0.143477418959812
GSM3428737	tumor	B cells memory	0
GSM3428737	tumor	NK cells activated	0.0787308939049944
GSM3428738	tumor	T cells CD4 memory resting	0.141159782863654
GSM3428738	tumor	Macrophages M2	0.150158980315079
GSM3428738	tumor	Plasma cells	0.0745172137488386
GSM3428738	tumor	Macrophages M0	0.20049071306332
GSM3428738	tumor	T cells CD8	0.0731626940759859
GSM3428738	tumor	Macrophages M1	0.0243128881644855
GSM3428738	tumor	T cells follicular helper	0.0158658729950077
GSM3428738	tumor	Mast cells activated	0.142297848453243
GSM3428738	tumor	B cells memory	0
GSM3428738	tumor	NK cells activated	0
GSM3428739	tumor	T cells CD4 memory resting	0.091002866758856
GSM3428739	tumor	Macrophages M2	0.19040245050357
GSM3428739	tumor	Plasma cells	0.0533494469424931
GSM3428739	tumor	Macrophages M0	0.139457391928148
GSM3428739	tumor	T cells CD8	0.158204739272457
GSM3428739	tumor	Macrophages M1	0.0710126790079847
GSM3428739	tumor	T cells follicular helper	0.078351170713279
GSM3428739	tumor	Mast cells activated	0.0157648172807644
GSM3428739	tumor	B cells memory	0.00581590488406362
GSM3428739	tumor	NK cells activated	0.0696060297245588
GSM3428740	tumor	T cells CD4 memory resting	0.125801394174894
GSM3428740	tumor	Macrophages M2	0.0772567670996834
GSM3428740	tumor	Plasma cells	0.069137576735425
GSM3428740	tumor	Macrophages M0	0.093027044428844
GSM3428740	tumor	T cells CD8	0
GSM3428740	tumor	Macrophages M1	0.114319678263988
GSM3428740	tumor	T cells follicular helper	0.0478704736188611
GSM3428740	tumor	Mast cells activated	0
GSM3428740	tumor	B cells memory	0.0170960353797499
GSM3428740	tumor	NK cells activated	0.128916482966459
GSM3428741	tumor	T cells CD4 memory resting	0.152820805051712
GSM3428741	tumor	Macrophages M2	0.250807729112196
GSM3428741	tumor	Plasma cells	0.215641078543982
GSM3428741	tumor	Macrophages M0	0.0151240123835964
GSM3428741	tumor	T cells CD8	0.121714870865639
GSM3428741	tumor	Macrophages M1	0.0472007617853323
GSM3428741	tumor	T cells follicular helper	0.00348209764175738
GSM3428741	tumor	Mast cells activated	0.0151794553530171
GSM3428741	tumor	B cells memory	0
GSM3428741	tumor	NK cells activated	0.0572195813884257
GSM3428742	tumor	T cells CD4 memory resting	0.111697463799751
GSM3428742	tumor	Macrophages M2	0.369215326302193
GSM3428742	tumor	Plasma cells	0.0950710339266086
GSM3428742	tumor	Macrophages M0	0.19778479046222
GSM3428742	tumor	T cells CD8	0.117045100839458
GSM3428742	tumor	Macrophages M1	0.00760430972122351
GSM3428742	tumor	T cells follicular helper	0
GSM3428742	tumor	Mast cells activated	0.0356169850436822
GSM3428742	tumor	B cells memory	0.00909187448926281
GSM3428742	tumor	NK cells activated	0.00265540178022665
GSM3428743	tumor	T cells CD4 memory resting	0.139802570647684
GSM3428743	tumor	Macrophages M2	0.237246928080612
GSM3428743	tumor	Plasma cells	0.0670514950990234
GSM3428743	tumor	Macrophages M0	0
GSM3428743	tumor	T cells CD8	0.170198499595216
GSM3428743	tumor	Macrophages M1	0.122842071625909
GSM3428743	tumor	T cells follicular helper	0.00472106424111045
GSM3428743	tumor	Mast cells activated	0
GSM3428743	tumor	B cells memory	0
GSM3428743	tumor	NK cells activated	0.0353565293300493
GSM3428744	tumor	T cells CD4 memory resting	0.161132503776569
GSM3428744	tumor	Macrophages M2	0.255669076986924
GSM3428744	tumor	Plasma cells	0.0690724875190463
GSM3428744	tumor	Macrophages M0	0.117992993078071
GSM3428744	tumor	T cells CD8	0.117984401507447
GSM3428744	tumor	Macrophages M1	0.0497395751891272
GSM3428744	tumor	T cells follicular helper	0.0349233762642055
GSM3428744	tumor	Mast cells activated	0.0221146268661658
GSM3428744	tumor	B cells memory	0
GSM3428744	tumor	NK cells activated	0.0826868475192138
GSM3428745	tumor	T cells CD4 memory resting	0.376521647444464
GSM3428745	tumor	Macrophages M2	0.0832163964668169
GSM3428745	tumor	Plasma cells	0.058578635878979
GSM3428745	tumor	Macrophages M0	0.0457972513276565
GSM3428745	tumor	T cells CD8	0.121299789619945
GSM3428745	tumor	Macrophages M1	0.0335090466650347
GSM3428745	tumor	T cells follicular helper	0.0185688047307112
GSM3428745	tumor	Mast cells activated	0.0100972134501289
GSM3428745	tumor	B cells memory	0
GSM3428745	tumor	NK cells activated	0
GSM3428746	tumor	T cells CD4 memory resting	0.0600365132163587
GSM3428746	tumor	Macrophages M2	0.351638579747149
GSM3428746	tumor	Plasma cells	0.0767177943350721
GSM3428746	tumor	Macrophages M0	0.0154537158340165
GSM3428746	tumor	T cells CD8	0.112988664922653
GSM3428746	tumor	Macrophages M1	0.0307576747304107
GSM3428746	tumor	T cells follicular helper	0.0583981558318657
GSM3428746	tumor	Mast cells activated	0.0411233485844424
GSM3428746	tumor	B cells memory	0.0890490391343327
GSM3428746	tumor	NK cells activated	0.0634332319810096
GSM3428747	tumor	T cells CD4 memory resting	0.368910803584629
GSM3428747	tumor	Macrophages M2	0.0938287386808948
GSM3428747	tumor	Plasma cells	0.0639239328806287
GSM3428747	tumor	Macrophages M0	0.0339580105661594
GSM3428747	tumor	T cells CD8	0
GSM3428747	tumor	Macrophages M1	0.042848099811257
GSM3428747	tumor	T cells follicular helper	0.0620386378322703
GSM3428747	tumor	Mast cells activated	0.00453221748473776
GSM3428747	tumor	B cells memory	0
GSM3428747	tumor	NK cells activated	0.0189892308863469
GSM3428748	tumor	T cells CD4 memory resting	0.0358781120436108
GSM3428748	tumor	Macrophages M2	0.183382689174491
GSM3428748	tumor	Plasma cells	0.142035874618594
GSM3428748	tumor	Macrophages M0	0
GSM3428748	tumor	T cells CD8	0.151210890652897
GSM3428748	tumor	Macrophages M1	0.220337227300396
GSM3428748	tumor	T cells follicular helper	0.0785154824490306
GSM3428748	tumor	Mast cells activated	0
GSM3428748	tumor	B cells memory	0
GSM3428748	tumor	NK cells activated	0.0435916687874495
GSM3428749	tumor	T cells CD4 memory resting	0.065260371291977
GSM3428749	tumor	Macrophages M2	0.318591729593211
GSM3428749	tumor	Plasma cells	0.0141919804730918
GSM3428749	tumor	Macrophages M0	0.43003871762977
GSM3428749	tumor	T cells CD8	0.0183716163933674
GSM3428749	tumor	Macrophages M1	0.00339796508858849
GSM3428749	tumor	T cells follicular helper	0.0114314763274372
GSM3428749	tumor	Mast cells activated	0.0681354853008789
GSM3428749	tumor	B cells memory	0.0189541801020644
GSM3428749	tumor	NK cells activated	0.0105888677181348
GSM3428750	tumor	T cells CD4 memory resting	0
GSM3428750	tumor	Macrophages M2	0.314446315694134
GSM3428750	tumor	Plasma cells	0.0696870517625992
GSM3428750	tumor	Macrophages M0	0
GSM3428750	tumor	T cells CD8	0.137798992119032
GSM3428750	tumor	Macrophages M1	0.00636344756828872
GSM3428750	tumor	T cells follicular helper	0.220071553474422
GSM3428750	tumor	Mast cells activated	0.0528684362528546
GSM3428750	tumor	B cells memory	0
GSM3428750	tumor	NK cells activated	0.0568175769131795
GSM3428751	tumor	T cells CD4 memory resting	0.185468203743722
GSM3428751	tumor	Macrophages M2	0.279083440370183
GSM3428751	tumor	Plasma cells	0.0176711566391137
GSM3428751	tumor	Macrophages M0	0
GSM3428751	tumor	T cells CD8	0.0402345112800885
GSM3428751	tumor	Macrophages M1	0.0889902064751647
GSM3428751	tumor	T cells follicular helper	0.0113352314710507
GSM3428751	tumor	Mast cells activated	0.0671996929649021
GSM3428751	tumor	B cells memory	0
GSM3428751	tumor	NK cells activated	0.0424094929391221
GSM3428752	tumor	T cells CD4 memory resting	0.143565618412763
GSM3428752	tumor	Macrophages M2	0.108057024406699
GSM3428752	tumor	Plasma cells	0.0738651742904066
GSM3428752	tumor	Macrophages M0	0.11918300623935
GSM3428752	tumor	T cells CD8	0.0412081772095811
GSM3428752	tumor	Macrophages M1	0.066072363731829
GSM3428752	tumor	T cells follicular helper	0.0991539694221395
GSM3428752	tumor	Mast cells activated	0.014203964840798
GSM3428752	tumor	B cells memory	0.0479402113738566
GSM3428752	tumor	NK cells activated	0.0754521580487835
GSM3428753	tumor	T cells CD4 memory resting	0.0287967451421468
GSM3428753	tumor	Macrophages M2	0.243088546724806
GSM3428753	tumor	Plasma cells	0.0618023714794633
GSM3428753	tumor	Macrophages M0	0
GSM3428753	tumor	T cells CD8	0.122898430318318
GSM3428753	tumor	Macrophages M1	0.150586594402022
GSM3428753	tumor	T cells follicular helper	0.0216220022326932
GSM3428753	tumor	Mast cells activated	0
GSM3428753	tumor	B cells memory	0
GSM3428753	tumor	NK cells activated	0.0405411223946407
GSM3428754	tumor	T cells CD4 memory resting	0.118977674141109
GSM3428754	tumor	Macrophages M2	0.128985383562985
GSM3428754	tumor	Plasma cells	0.0551068456396291
GSM3428754	tumor	Macrophages M0	0
GSM3428754	tumor	T cells CD8	0.12328607572816
GSM3428754	tumor	Macrophages M1	0.0689995936739959
GSM3428754	tumor	T cells follicular helper	0.0649163256055108
GSM3428754	tumor	Mast cells activated	0
GSM3428754	tumor	B cells memory	0
GSM3428754	tumor	NK cells activated	0.0776593688782643
GSM3428755	tumor	T cells CD4 memory resting	0.256764118360496
GSM3428755	tumor	Macrophages M2	0.130746339014208
GSM3428755	tumor	Plasma cells	0.133182336981832
GSM3428755	tumor	Macrophages M0	0
GSM3428755	tumor	T cells CD8	0.0850705906427609
GSM3428755	tumor	Macrophages M1	0.095291807979653
GSM3428755	tumor	T cells follicular helper	0
GSM3428755	tumor	Mast cells activated	0
GSM3428755	tumor	B cells memory	0.0484429462587153
GSM3428755	tumor	NK cells activated	0.0753506348429182
GSM3428756	tumor	T cells CD4 memory resting	0.158305424023872
GSM3428756	tumor	Macrophages M2	0.266118190513193
GSM3428756	tumor	Plasma cells	0.107171126731431
GSM3428756	tumor	Macrophages M0	0
GSM3428756	tumor	T cells CD8	0.140920393532121
GSM3428756	tumor	Macrophages M1	0.0527628643700125
GSM3428756	tumor	T cells follicular helper	0.0604930450121821
GSM3428756	tumor	Mast cells activated	0
GSM3428756	tumor	B cells memory	0.0474793988976992
GSM3428756	tumor	NK cells activated	0.0622746491932637
GSM3428757	tumor	T cells CD4 memory resting	0.261032055851658
GSM3428757	tumor	Macrophages M2	0.19213057160447
GSM3428757	tumor	Plasma cells	0.0811885677253354
GSM3428757	tumor	Macrophages M0	0.176867693352698
GSM3428757	tumor	T cells CD8	0.0330669981028622
GSM3428757	tumor	Macrophages M1	0.0528691570976797
GSM3428757	tumor	T cells follicular helper	0.0205245985368466
GSM3428757	tumor	Mast cells activated	0.0412290043193946
GSM3428757	tumor	B cells memory	0
GSM3428757	tumor	NK cells activated	0.0345949167540149
GSM3428758	tumor	T cells CD4 memory resting	0.0210752732176768
GSM3428758	tumor	Macrophages M2	0.312851971093195
GSM3428758	tumor	Plasma cells	0.0513301362651267
GSM3428758	tumor	Macrophages M0	0
GSM3428758	tumor	T cells CD8	0.1654179536513
GSM3428758	tumor	Macrophages M1	0.017747290987169
GSM3428758	tumor	T cells follicular helper	0.09091751160708
GSM3428758	tumor	Mast cells activated	0.00378436178223077
GSM3428758	tumor	B cells memory	0
GSM3428758	tumor	NK cells activated	0.0835693251667061
GSM3428759	tumor	T cells CD4 memory resting	0.129459639013308
GSM3428759	tumor	Macrophages M2	0.368786981375128
GSM3428759	tumor	Plasma cells	0.0373863764381836
GSM3428759	tumor	Macrophages M0	0
GSM3428759	tumor	T cells CD8	0.0596949418229626
GSM3428759	tumor	Macrophages M1	0.0507562825417581
GSM3428759	tumor	T cells follicular helper	0.102328895676815
GSM3428759	tumor	Mast cells activated	0
GSM3428759	tumor	B cells memory	0
GSM3428759	tumor	NK cells activated	0.0925726115022354
GSM3428760	tumor	T cells CD4 memory resting	0.083240346447845
GSM3428760	tumor	Macrophages M2	0.410803289580728
GSM3428760	tumor	Plasma cells	0.0251615030717085
GSM3428760	tumor	Macrophages M0	0
GSM3428760	tumor	T cells CD8	0.0998206611778953
GSM3428760	tumor	Macrophages M1	0.0196679131957867
GSM3428760	tumor	T cells follicular helper	0.0282925168514714
GSM3428760	tumor	Mast cells activated	0.0939497752520991
GSM3428760	tumor	B cells memory	0
GSM3428760	tumor	NK cells activated	0.0632333876195102
GSM3428761	tumor	T cells CD4 memory resting	0.155000105975158
GSM3428761	tumor	Macrophages M2	0.233271453326791
GSM3428761	tumor	Plasma cells	0.0409488205334019
GSM3428761	tumor	Macrophages M0	0
GSM3428761	tumor	T cells CD8	0.163604053070849
GSM3428761	tumor	Macrophages M1	0.0780953543516213
GSM3428761	tumor	T cells follicular helper	0.145538880796361
GSM3428761	tumor	Mast cells activated	0
GSM3428761	tumor	B cells memory	0
GSM3428761	tumor	NK cells activated	0.0705916008444252
GSM3428762	tumor	T cells CD4 memory resting	0.146136895126604
GSM3428762	tumor	Macrophages M2	0.210226485358853
GSM3428762	tumor	Plasma cells	0.0618120475024816
GSM3428762	tumor	Macrophages M0	0.148297439570923
GSM3428762	tumor	T cells CD8	0.0641397492755911
GSM3428762	tumor	Macrophages M1	0.0831579774292299
GSM3428762	tumor	T cells follicular helper	0.0472717525347324
GSM3428762	tumor	Mast cells activated	0.0699239029511177
GSM3428762	tumor	B cells memory	0
GSM3428762	tumor	NK cells activated	0.0779230047487652
GSM3428763	tumor	T cells CD4 memory resting	0.252812924373745
GSM3428763	tumor	Macrophages M2	0.104000856680222
GSM3428763	tumor	Plasma cells	0.164606856571828
GSM3428763	tumor	Macrophages M0	0.0257253818775338
GSM3428763	tumor	T cells CD8	0.0783610219792315
GSM3428763	tumor	Macrophages M1	0.0599578445131099
GSM3428763	tumor	T cells follicular helper	0.0566933639201047
GSM3428763	tumor	Mast cells activated	0
GSM3428763	tumor	B cells memory	0.0786621595582673
GSM3428763	tumor	NK cells activated	0.0720079737767801
GSM3428764	tumor	T cells CD4 memory resting	0.215869459235188
GSM3428764	tumor	Macrophages M2	0.0975156861867327
GSM3428764	tumor	Plasma cells	0.243592327499923
GSM3428764	tumor	Macrophages M0	0
GSM3428764	tumor	T cells CD8	0.0642420371578926
GSM3428764	tumor	Macrophages M1	0.129960527066593
GSM3428764	tumor	T cells follicular helper	0.00451330503624095
GSM3428764	tumor	Mast cells activated	0
GSM3428764	tumor	B cells memory	0.0775826603912007
GSM3428764	tumor	NK cells activated	0.0602156306046449
GSM3428765	tumor	T cells CD4 memory resting	0.231069601321815
GSM3428765	tumor	Macrophages M2	0.224155516647813
GSM3428765	tumor	Plasma cells	0.0919249815299296
GSM3428765	tumor	Macrophages M0	0.0275342557870589
GSM3428765	tumor	T cells CD8	0.0900929047468942
GSM3428765	tumor	Macrophages M1	0.0540592509986008
GSM3428765	tumor	T cells follicular helper	0.0502033848560245
GSM3428765	tumor	Mast cells activated	0
GSM3428765	tumor	B cells memory	0.00519465248980636
GSM3428765	tumor	NK cells activated	0.0748969169342742
GSM3428766	tumor	T cells CD4 memory resting	0.0917589368516801
GSM3428766	tumor	Macrophages M2	0.209134795943896
GSM3428766	tumor	Plasma cells	0.0966873238378998
GSM3428766	tumor	Macrophages M0	0.0346375437357381
GSM3428766	tumor	T cells CD8	0.160101573255184
GSM3428766	tumor	Macrophages M1	0.0573957274236715
GSM3428766	tumor	T cells follicular helper	0.0870084427174042
GSM3428766	tumor	Mast cells activated	0.0424899108195214
GSM3428766	tumor	B cells memory	6.9713729537237e-4
GSM3428766	tumor	NK cells activated	0.090894996806011
GSM3428767	tumor	T cells CD4 memory resting	0.100886901156512
GSM3428767	tumor	Macrophages M2	0.104847380465301
GSM3428767	tumor	Plasma cells	0.14076034188233
GSM3428767	tumor	Macrophages M0	0.00961049232717717
GSM3428767	tumor	T cells CD8	0.168009682043961
GSM3428767	tumor	Macrophages M1	0.0820158498155572
GSM3428767	tumor	T cells follicular helper	0.0799004815130464
GSM3428767	tumor	Mast cells activated	0
GSM3428767	tumor	B cells memory	0.131784605181754
GSM3428767	tumor	NK cells activated	0.0981819910761999
GSM3428768	tumor	T cells CD4 memory resting	0.298248834512108
GSM3428768	tumor	Macrophages M2	0.118850977396569
GSM3428768	tumor	Plasma cells	0.131546449793065
GSM3428768	tumor	Macrophages M0	0.0110597446800215
GSM3428768	tumor	T cells CD8	0.0905545862873947
GSM3428768	tumor	Macrophages M1	0.024705143409396
GSM3428768	tumor	T cells follicular helper	0.0377604765542029
GSM3428768	tumor	Mast cells activated	0.0172558923701905
GSM3428768	tumor	B cells memory	0.0501643355205815
GSM3428768	tumor	NK cells activated	0
GSM3428769	tumor	T cells CD4 memory resting	0.342509773626268
GSM3428769	tumor	Macrophages M2	0.110460951876404
GSM3428769	tumor	Plasma cells	0.0690692770533037
GSM3428769	tumor	Macrophages M0	0.0101513632387137
GSM3428769	tumor	T cells CD8	0.134234532875196
GSM3428769	tumor	Macrophages M1	0.0573520254423383
GSM3428769	tumor	T cells follicular helper	0.0614830788609649
GSM3428769	tumor	Mast cells activated	0.0349090373685117
GSM3428769	tumor	B cells memory	0.0568672496283205
GSM3428769	tumor	NK cells activated	0
GSM3428770	tumor	T cells CD4 memory resting	0.292912829459586
GSM3428770	tumor	Macrophages M2	0.150275540924558
GSM3428770	tumor	Plasma cells	0.13435013452354
GSM3428770	tumor	Macrophages M0	0.0600115622771803
GSM3428770	tumor	T cells CD8	0.124501487993221
GSM3428770	tumor	Macrophages M1	0.130396012751261
GSM3428770	tumor	T cells follicular helper	0
GSM3428770	tumor	Mast cells activated	0.00244936857583662
GSM3428770	tumor	B cells memory	0
GSM3428770	tumor	NK cells activated	0.057505831936941
GSM3428771	tumor	T cells CD4 memory resting	0.321557479953395
GSM3428771	tumor	Macrophages M2	0.0893405685110042
GSM3428771	tumor	Plasma cells	0.0989199208079646
GSM3428771	tumor	Macrophages M0	0.0356613498491683
GSM3428771	tumor	T cells CD8	0.0480066198254997
GSM3428771	tumor	Macrophages M1	0.0804687643005776
GSM3428771	tumor	T cells follicular helper	0.00680342221724556
GSM3428771	tumor	Mast cells activated	0
GSM3428771	tumor	B cells memory	0
GSM3428771	tumor	NK cells activated	0
GSM3428772	tumor	T cells CD4 memory resting	0.0730299396143482
GSM3428772	tumor	Macrophages M2	0.322097718682982
GSM3428772	tumor	Plasma cells	0.0773284153602106
GSM3428772	tumor	Macrophages M0	0
GSM3428772	tumor	T cells CD8	0.0869535297315902
GSM3428772	tumor	Macrophages M1	0.0372320070735136
GSM3428772	tumor	T cells follicular helper	0.129364273431958
GSM3428772	tumor	Mast cells activated	0
GSM3428772	tumor	B cells memory	0
GSM3428772	tumor	NK cells activated	0.117856485285971
GSM3428773	tumor	T cells CD4 memory resting	0.128393879660743
GSM3428773	tumor	Macrophages M2	0.254015855681516
GSM3428773	tumor	Plasma cells	0.0541376931319836
GSM3428773	tumor	Macrophages M0	0.0543042316446947
GSM3428773	tumor	T cells CD8	0.085215377654912
GSM3428773	tumor	Macrophages M1	0.0572984642549811
GSM3428773	tumor	T cells follicular helper	0.129149003526972
GSM3428773	tumor	Mast cells activated	0.0742288232638925
GSM3428773	tumor	B cells memory	0.0115106455825893
GSM3428773	tumor	NK cells activated	0.108602892684904
GSM3428774	tumor	T cells CD4 memory resting	0.14005645925945
GSM3428774	tumor	Macrophages M2	0.231366859545014
GSM3428774	tumor	Plasma cells	0.0919971290062736
GSM3428774	tumor	Macrophages M0	0.197238960982738
GSM3428774	tumor	T cells CD8	0.0491663042850494
GSM3428774	tumor	Macrophages M1	0.0307872366480827
GSM3428774	tumor	T cells follicular helper	0
GSM3428774	tumor	Mast cells activated	0.0174205619125359
GSM3428774	tumor	B cells memory	0.0406830860224492
GSM3428774	tumor	NK cells activated	0.0495328936440033
GSM3428775	tumor	T cells CD4 memory resting	0.142551724282505
GSM3428775	tumor	Macrophages M2	0.117771124431861
GSM3428775	tumor	Plasma cells	0.0903383698407833
GSM3428775	tumor	Macrophages M0	0.0539085811305409
GSM3428775	tumor	T cells CD8	0.145485131657581
GSM3428775	tumor	Macrophages M1	0.0606397438171495
GSM3428775	tumor	T cells follicular helper	0
GSM3428775	tumor	Mast cells activated	0
GSM3428775	tumor	B cells memory	0.0551174121834635
GSM3428775	tumor	NK cells activated	0.118727592468497
GSM3428776	tumor	T cells CD4 memory resting	0.200440685811564
GSM3428776	tumor	Macrophages M2	0.284862554919839
GSM3428776	tumor	Plasma cells	0.0833278616494863
GSM3428776	tumor	Macrophages M0	0.00921345648247592
GSM3428776	tumor	T cells CD8	0.0259332479465443
GSM3428776	tumor	Macrophages M1	0.0412745671470559
GSM3428776	tumor	T cells follicular helper	0.142786514051998
GSM3428776	tumor	Mast cells activated	0.00919360727692264
GSM3428776	tumor	B cells memory	0
GSM3428776	tumor	NK cells activated	0.109169750874238
GSM3428777	tumor	T cells CD4 memory resting	0.290290963080397
GSM3428777	tumor	Macrophages M2	0.0175075670763677
GSM3428777	tumor	Plasma cells	0.061870190046818103
GSM3428777	tumor	Macrophages M0	0.0746511449256618
GSM3428777	tumor	T cells CD8	0.0648049511979658
GSM3428777	tumor	Macrophages M1	0.11947974470554
GSM3428777	tumor	T cells follicular helper	0.0330059260578595
GSM3428777	tumor	Mast cells activated	0
GSM3428777	tumor	B cells memory	0.00868834009906213
GSM3428777	tumor	NK cells activated	0.078043940805275
GSM3428778	tumor	T cells CD4 memory resting	0.223081918916449
GSM3428778	tumor	Macrophages M2	0.128994582079672
GSM3428778	tumor	Plasma cells	0.0526392494416478
GSM3428778	tumor	Macrophages M0	0.0463440971854607
GSM3428778	tumor	T cells CD8	0.0799135031733745
GSM3428778	tumor	Macrophages M1	0.0207949641832339
GSM3428778	tumor	T cells follicular helper	0.0632063638380414
GSM3428778	tumor	Mast cells activated	0
GSM3428778	tumor	B cells memory	0
GSM3428778	tumor	NK cells activated	0.0818312455244029
GSM3428779	tumor	T cells CD4 memory resting	0.29229267889908
GSM3428779	tumor	Macrophages M2	0.199873608370859
GSM3428779	tumor	Plasma cells	0.068004523088633
GSM3428779	tumor	Macrophages M0	0.0386801885021359
GSM3428779	tumor	T cells CD8	0.099072183526285
GSM3428779	tumor	Macrophages M1	0.0408863605114077
GSM3428779	tumor	T cells follicular helper	0.0588359333505216
GSM3428779	tumor	Mast cells activated	0.0273253234494535
GSM3428779	tumor	B cells memory	0
GSM3428779	tumor	NK cells activated	0.0915483924715
GSM3428780	tumor	T cells CD4 memory resting	0.172773121228408
GSM3428780	tumor	Macrophages M2	0.497984123085133
GSM3428780	tumor	Plasma cells	0.0905697135181207
GSM3428780	tumor	Macrophages M0	0
GSM3428780	tumor	T cells CD8	0.0644880185993964
GSM3428780	tumor	Macrophages M1	0.0134794348159115
GSM3428780	tumor	T cells follicular helper	0.00374234869931606
GSM3428780	tumor	Mast cells activated	0.0329016709776686
GSM3428780	tumor	B cells memory	0
GSM3428780	tumor	NK cells activated	0.00657894086918497
GSM3428781	tumor	T cells CD4 memory resting	0.0563560583408139
GSM3428781	tumor	Macrophages M2	0.101635719608544
GSM3428781	tumor	Plasma cells	0.145458818395446
GSM3428781	tumor	Macrophages M0	0.105788641937877
GSM3428781	tumor	T cells CD8	0.248376291617011
GSM3428781	tumor	Macrophages M1	0.115231344174913
GSM3428781	tumor	T cells follicular helper	0.0948651316083057
GSM3428781	tumor	Mast cells activated	0.00120255912083962
GSM3428781	tumor	B cells memory	0.0272383057633008
GSM3428781	tumor	NK cells activated	0.0477787390136063
GSM3428782	tumor	T cells CD4 memory resting	0.19711517158696
GSM3428782	tumor	Macrophages M2	0.213011365435022
GSM3428782	tumor	Plasma cells	0.126340455618126
GSM3428782	tumor	Macrophages M0	0
GSM3428782	tumor	T cells CD8	0.107006044452935
GSM3428782	tumor	Macrophages M1	0.0561308502808478
GSM3428782	tumor	T cells follicular helper	0
GSM3428782	tumor	Mast cells activated	0.0393815179438569
GSM3428782	tumor	B cells memory	0.14658448837165
GSM3428782	tumor	NK cells activated	0.0500393924825551
GSM3428783	tumor	T cells CD4 memory resting	0.292070594194135
GSM3428783	tumor	Macrophages M2	0.201973873110975
GSM3428783	tumor	Plasma cells	0.063622244282098
GSM3428783	tumor	Macrophages M0	0.04218775352793
GSM3428783	tumor	T cells CD8	0.0338835430019337
GSM3428783	tumor	Macrophages M1	0.0844842718536196
GSM3428783	tumor	T cells follicular helper	0.00377814540054736
GSM3428783	tumor	Mast cells activated	0
GSM3428783	tumor	B cells memory	0
GSM3428783	tumor	NK cells activated	0.0548314286498508
GSM3428784	tumor	T cells CD4 memory resting	0.297503516049056
GSM3428784	tumor	Macrophages M2	0.104449313866307
GSM3428784	tumor	Plasma cells	0.0382364651671115
GSM3428784	tumor	Macrophages M0	0.0250942713355702
GSM3428784	tumor	T cells CD8	0.0392630983835118
GSM3428784	tumor	Macrophages M1	0.0214015298562079
GSM3428784	tumor	T cells follicular helper	0.0226834766069276
GSM3428784	tumor	Mast cells activated	0
GSM3428784	tumor	B cells memory	0
GSM3428784	tumor	NK cells activated	0.0814270180860085
GSM3428785	tumor	T cells CD4 memory resting	0.0619121529483446
GSM3428785	tumor	Macrophages M2	0.281440351580065
GSM3428785	tumor	Plasma cells	0.177917507355862
GSM3428785	tumor	Macrophages M0	0
GSM3428785	tumor	T cells CD8	0.140868506159304
GSM3428785	tumor	Macrophages M1	0.053238234092052
GSM3428785	tumor	T cells follicular helper	0.0342253957233416
GSM3428785	tumor	Mast cells activated	0.0618288460779186
GSM3428785	tumor	B cells memory	0.059045583658881
GSM3428785	tumor	NK cells activated	0.0378322596211381
GSM3428786	non_tumor	T cells CD4 memory resting	0.0734273247146544
GSM3428786	non_tumor	Macrophages M2	0.372717170421001
GSM3428786	non_tumor	Plasma cells	0.137338906782991
GSM3428786	non_tumor	Macrophages M0	0
GSM3428786	non_tumor	T cells CD8	0.117792521525457
GSM3428786	non_tumor	Macrophages M1	0.0184897892562728
GSM3428786	non_tumor	T cells follicular helper	0.0167792810821843
GSM3428786	non_tumor	Mast cells activated	0.0667953792487025
GSM3428786	non_tumor	B cells memory	0
GSM3428786	non_tumor	NK cells activated	0
GSM3428787	non_tumor	T cells CD4 memory resting	0.0246342351114267
GSM3428787	non_tumor	Macrophages M2	0.298359917798648
GSM3428787	non_tumor	Plasma cells	0.16780917905594
GSM3428787	non_tumor	Macrophages M0	0
GSM3428787	non_tumor	T cells CD8	0.141478647276819
GSM3428787	non_tumor	Macrophages M1	0.0467523854644827
GSM3428787	non_tumor	T cells follicular helper	0.0478358810938887
GSM3428787	non_tumor	Mast cells activated	0.0778205021603756
GSM3428787	non_tumor	B cells memory	0.00164296976673678
GSM3428787	non_tumor	NK cells activated	0.0448042158793821
GSM3428788	non_tumor	T cells CD4 memory resting	0.107884423604203
GSM3428788	non_tumor	Macrophages M2	0.313201635759016
GSM3428788	non_tumor	Plasma cells	0.155513434896729
GSM3428788	non_tumor	Macrophages M0	0
GSM3428788	non_tumor	T cells CD8	0.0612773894904373
GSM3428788	non_tumor	Macrophages M1	0.121475368027453
GSM3428788	non_tumor	T cells follicular helper	0.0445101259036935
GSM3428788	non_tumor	Mast cells activated	0.0114514786980441
GSM3428788	non_tumor	B cells memory	0.0272488520158623
GSM3428788	non_tumor	NK cells activated	0.0907528974211542
GSM3428789	non_tumor	T cells CD4 memory resting	0.0842837173255163
GSM3428789	non_tumor	Macrophages M2	0.129044626833886
GSM3428789	non_tumor	Plasma cells	0.267504411404405
GSM3428789	non_tumor	Macrophages M0	0.137628143296825
GSM3428789	non_tumor	T cells CD8	0.0605927851887093
GSM3428789	non_tumor	Macrophages M1	0.0455937395820147
GSM3428789	non_tumor	T cells follicular helper	0.0693433062255316
GSM3428789	non_tumor	Mast cells activated	0.0461916883956333
GSM3428789	non_tumor	B cells memory	0
GSM3428789	non_tumor	NK cells activated	0.0632050986945582
GSM3428790	non_tumor	T cells CD4 memory resting	0.181141113802931
GSM3428790	non_tumor	Macrophages M2	0.0747108720045703
GSM3428790	non_tumor	Plasma cells	0.251407220935121
GSM3428790	non_tumor	Macrophages M0	0
GSM3428790	non_tumor	T cells CD8	0.122176320203769
GSM3428790	non_tumor	Macrophages M1	0.128462788938843
GSM3428790	non_tumor	T cells follicular helper	0.0134282146152208
GSM3428790	non_tumor	Mast cells activated	0
GSM3428790	non_tumor	B cells memory	0.0632372126415157
GSM3428790	non_tumor	NK cells activated	0.0994104652927225
GSM3428791	non_tumor	T cells CD4 memory resting	0.136058309747669
GSM3428791	non_tumor	Macrophages M2	0.174241862720494
GSM3428791	non_tumor	Plasma cells	0.139887911429077
GSM3428791	non_tumor	Macrophages M0	0
GSM3428791	non_tumor	T cells CD8	0.143941770583321
GSM3428791	non_tumor	Macrophages M1	0.122117808105671
GSM3428791	non_tumor	T cells follicular helper	0.0630007901414309
GSM3428791	non_tumor	Mast cells activated	0.054638590312209
GSM3428791	non_tumor	B cells memory	0.00258995010463193
GSM3428791	non_tumor	NK cells activated	0.0429856841029741
GSM3428792	non_tumor	T cells CD4 memory resting	0.156661567255673
GSM3428792	non_tumor	Macrophages M2	0.235759058629565
GSM3428792	non_tumor	Plasma cells	0.212095513322406
GSM3428792	non_tumor	Macrophages M0	0
GSM3428792	non_tumor	T cells CD8	0.0892484245921872
GSM3428792	non_tumor	Macrophages M1	0.0439101464381232
GSM3428792	non_tumor	T cells follicular helper	0.00332034707236768
GSM3428792	non_tumor	Mast cells activated	0.0920807581168348
GSM3428792	non_tumor	B cells memory	0
GSM3428792	non_tumor	NK cells activated	0.0793394550544418
GSM3428793	non_tumor	T cells CD4 memory resting	0.139377613945115
GSM3428793	non_tumor	Macrophages M2	0.219623573844344
GSM3428793	non_tumor	Plasma cells	0.102896793577361
GSM3428793	non_tumor	Macrophages M0	0
GSM3428793	non_tumor	T cells CD8	0.113422480283389
GSM3428793	non_tumor	Macrophages M1	0.0254712505869422
GSM3428793	non_tumor	T cells follicular helper	0.0654962352169901
GSM3428793	non_tumor	Mast cells activated	0.0818149471785617
GSM3428793	non_tumor	B cells memory	0.0822107843400602
GSM3428793	non_tumor	NK cells activated	0.0808551221946859
GSM3428794	non_tumor	T cells CD4 memory resting	0.103773233073959
GSM3428794	non_tumor	Macrophages M2	0.275973323646751
GSM3428794	non_tumor	Plasma cells	0.122175059459532
GSM3428794	non_tumor	Macrophages M0	0
GSM3428794	non_tumor	T cells CD8	0.132706756065915
GSM3428794	non_tumor	Macrophages M1	0.0536516754813464
GSM3428794	non_tumor	T cells follicular helper	0.0980072675088411
GSM3428794	non_tumor	Mast cells activated	0
GSM3428794	non_tumor	B cells memory	0.0525482632877127
GSM3428794	non_tumor	NK cells activated	0.040267238328939
GSM3428795	non_tumor	T cells CD4 memory resting	0.194598569014734
GSM3428795	non_tumor	Macrophages M2	0.280577607942269
GSM3428795	non_tumor	Plasma cells	0.146601117450505
GSM3428795	non_tumor	Macrophages M0	0
GSM3428795	non_tumor	T cells CD8	0.112132646833514
GSM3428795	non_tumor	Macrophages M1	0.0274500337869693
GSM3428795	non_tumor	T cells follicular helper	0.0145029056495796
GSM3428795	non_tumor	Mast cells activated	0.074891233215186
GSM3428795	non_tumor	B cells memory	0.0410106928681461
GSM3428795	non_tumor	NK cells activated	0.0526619856457119
GSM3428796	non_tumor	T cells CD4 memory resting	0.139057695821022
GSM3428796	non_tumor	Macrophages M2	0.268797547384063
GSM3428796	non_tumor	Plasma cells	0.189275926624782
GSM3428796	non_tumor	Macrophages M0	0
GSM3428796	non_tumor	T cells CD8	0.119871402959663
GSM3428796	non_tumor	Macrophages M1	0.0594710487126072
GSM3428796	non_tumor	T cells follicular helper	0.0293521152617873
GSM3428796	non_tumor	Mast cells activated	0.0495126291296324
GSM3428796	non_tumor	B cells memory	0
GSM3428796	non_tumor	NK cells activated	0.0502745872691297
GSM3428797	non_tumor	T cells CD4 memory resting	0.158051672187219
GSM3428797	non_tumor	Macrophages M2	0.139239691497861
GSM3428797	non_tumor	Plasma cells	0.321042866238172
GSM3428797	non_tumor	Macrophages M0	0
GSM3428797	non_tumor	T cells CD8	0.138932131989715
GSM3428797	non_tumor	Macrophages M1	0.109532291227841
GSM3428797	non_tumor	T cells follicular helper	0
GSM3428797	non_tumor	Mast cells activated	0
GSM3428797	non_tumor	B cells memory	0
GSM3428797	non_tumor	NK cells activated	0.0561271241800222
GSM3428798	non_tumor	T cells CD4 memory resting	0.0184264335361263
GSM3428798	non_tumor	Macrophages M2	0.277292939427359
GSM3428798	non_tumor	Plasma cells	0.1233907492507
GSM3428798	non_tumor	Macrophages M0	0
GSM3428798	non_tumor	T cells CD8	0.153653752667334
GSM3428798	non_tumor	Macrophages M1	0.0697273214098925
GSM3428798	non_tumor	T cells follicular helper	0.0635891754265462
GSM3428798	non_tumor	Mast cells activated	0.0441171814476633
GSM3428798	non_tumor	B cells memory	0.0578063094301526
GSM3428798	non_tumor	NK cells activated	0.024049687363261
GSM3428799	non_tumor	T cells CD4 memory resting	0.173053611106367
GSM3428799	non_tumor	Macrophages M2	0.0808513182955256
GSM3428799	non_tumor	Plasma cells	0.162669817303249
GSM3428799	non_tumor	Macrophages M0	0
GSM3428799	non_tumor	T cells CD8	0.0493456093568499
GSM3428799	non_tumor	Macrophages M1	0.132202378302177
GSM3428799	non_tumor	T cells follicular helper	0.0536555318673766
GSM3428799	non_tumor	Mast cells activated	0.0840174290014864
GSM3428799	non_tumor	B cells memory	0.0101674966248019
GSM3428799	non_tumor	NK cells activated	0.0992134803693969
GSM3428800	non_tumor	T cells CD4 memory resting	0.102896059313271
GSM3428800	non_tumor	Macrophages M2	0.269654874957378
GSM3428800	non_tumor	Plasma cells	0.131349169751837
GSM3428800	non_tumor	Macrophages M0	0
GSM3428800	non_tumor	T cells CD8	0.132985530240083
GSM3428800	non_tumor	Macrophages M1	0.104782123000352
GSM3428800	non_tumor	T cells follicular helper	0.0761249387348898
GSM3428800	non_tumor	Mast cells activated	0.0203836694958767
GSM3428800	non_tumor	B cells memory	0
GSM3428800	non_tumor	NK cells activated	0.0251646467886041
GSM3428801	non_tumor	T cells CD4 memory resting	0.171117753040057
GSM3428801	non_tumor	Macrophages M2	0.180414492580239
GSM3428801	non_tumor	Plasma cells	0.137729415389808
GSM3428801	non_tumor	Macrophages M0	0
GSM3428801	non_tumor	T cells CD8	0.008075706560563
GSM3428801	non_tumor	Macrophages M1	0.0135236047798107
GSM3428801	non_tumor	T cells follicular helper	0.0352860721640155
GSM3428801	non_tumor	Mast cells activated	0.10633397011103
GSM3428801	non_tumor	B cells memory	0.024056758169959
GSM3428801	non_tumor	NK cells activated	0.0916006575162877
GSM3428802	non_tumor	T cells CD4 memory resting	0.0586731499211568
GSM3428802	non_tumor	Macrophages M2	0.247174415547556
GSM3428802	non_tumor	Plasma cells	0.135901064728659
GSM3428802	non_tumor	Macrophages M0	0
GSM3428802	non_tumor	T cells CD8	0.087618269591453607
GSM3428802	non_tumor	Macrophages M1	0.0199150148895046
GSM3428802	non_tumor	T cells follicular helper	0.0345724085574812
GSM3428802	non_tumor	Mast cells activated	0.067069647051193
GSM3428802	non_tumor	B cells memory	0.081567146938985
GSM3428802	non_tumor	NK cells activated	0.0457928566358801
GSM3428803	non_tumor	T cells CD4 memory resting	0.164798189581508
GSM3428803	non_tumor	Macrophages M2	0.251086411073749
GSM3428803	non_tumor	Plasma cells	0.203633026734427
GSM3428803	non_tumor	Macrophages M0	0
GSM3428803	non_tumor	T cells CD8	0.140624802832574
GSM3428803	non_tumor	Macrophages M1	0.0518710894352603
GSM3428803	non_tumor	T cells follicular helper	0.00711068004810151
GSM3428803	non_tumor	Mast cells activated	0.0639807307583243
GSM3428803	non_tumor	B cells memory	0
GSM3428803	non_tumor	NK cells activated	0.0748351441664478
GSM3428804	non_tumor	T cells CD4 memory resting	0.126549873948456
GSM3428804	non_tumor	Macrophages M2	0.159852603493941
GSM3428804	non_tumor	Plasma cells	0.25665467601704
GSM3428804	non_tumor	Macrophages M0	0
GSM3428804	non_tumor	T cells CD8	0.0612940832892596
GSM3428804	non_tumor	Macrophages M1	0.118743339809204
GSM3428804	non_tumor	T cells follicular helper	0.0532176516081229
GSM3428804	non_tumor	Mast cells activated	0.0777269073939796
GSM3428804	non_tumor	B cells memory	0.0461068340302231
GSM3428804	non_tumor	NK cells activated	0.0366997457694182
GSM3428805	non_tumor	T cells CD4 memory resting	0.06406509905223
GSM3428805	non_tumor	Macrophages M2	0.212054128126692
GSM3428805	non_tumor	Plasma cells	0.144352991365906
GSM3428805	non_tumor	Macrophages M0	0
GSM3428805	non_tumor	T cells CD8	0.1162348432449
GSM3428805	non_tumor	Macrophages M1	0.0589567814741421
GSM3428805	non_tumor	T cells follicular helper	0.094842199528108
GSM3428805	non_tumor	Mast cells activated	0
GSM3428805	non_tumor	B cells memory	0.115856830582168
GSM3428805	non_tumor	NK cells activated	0.0251205542309484
GSM3428806	non_tumor	T cells CD4 memory resting	0.191114243214567
GSM3428806	non_tumor	Macrophages M2	0.253641314222896
GSM3428806	non_tumor	Plasma cells	0.103167968107181
GSM3428806	non_tumor	Macrophages M0	0
GSM3428806	non_tumor	T cells CD8	0.072299252256867
GSM3428806	non_tumor	Macrophages M1	0.0449628407547838
GSM3428806	non_tumor	T cells follicular helper	0.0429764093886346
GSM3428806	non_tumor	Mast cells activated	0.0685362864492816
GSM3428806	non_tumor	B cells memory	0.0161672810180742
GSM3428806	non_tumor	NK cells activated	0.0653597812197112
GSM3428807	non_tumor	T cells CD4 memory resting	0.208141325888815
GSM3428807	non_tumor	Macrophages M2	0.165201590952457
GSM3428807	non_tumor	Plasma cells	0.252596380743367
GSM3428807	non_tumor	Macrophages M0	0
GSM3428807	non_tumor	T cells CD8	0.0548146244358632
GSM3428807	non_tumor	Macrophages M1	0.113379255948142
GSM3428807	non_tumor	T cells follicular helper	0
GSM3428807	non_tumor	Mast cells activated	0.0178472298826972
GSM3428807	non_tumor	B cells memory	0
GSM3428807	non_tumor	NK cells activated	0.0343921844858273
GSM3428808	non_tumor	T cells CD4 memory resting	0.0770971193562481
GSM3428808	non_tumor	Macrophages M2	0.181799762742636
GSM3428808	non_tumor	Plasma cells	0.229425458408361
GSM3428808	non_tumor	Macrophages M0	0
GSM3428808	non_tumor	T cells CD8	0.128527661284645
GSM3428808	non_tumor	Macrophages M1	0.0927902737747227
GSM3428808	non_tumor	T cells follicular helper	0.0616646568571635
GSM3428808	non_tumor	Mast cells activated	0.0786316191825898
GSM3428808	non_tumor	B cells memory	0
GSM3428808	non_tumor	NK cells activated	0.0137976827190098
GSM3428809	non_tumor	T cells CD4 memory resting	0.22297113355964
GSM3428809	non_tumor	Macrophages M2	0.111371804868096
GSM3428809	non_tumor	Plasma cells	0.212008154090493
GSM3428809	non_tumor	Macrophages M0	0.0255303550098061
GSM3428809	non_tumor	T cells CD8	0.0929063380353671
GSM3428809	non_tumor	Macrophages M1	0.121383668854971
GSM3428809	non_tumor	T cells follicular helper	0
GSM3428809	non_tumor	Mast cells activated	0
GSM3428809	non_tumor	B cells memory	0.0249184649948623
GSM3428809	non_tumor	NK cells activated	0.0484545370740396
GSM3428810	non_tumor	T cells CD4 memory resting	0.0876300222910864
GSM3428810	non_tumor	Macrophages M2	0.205948588629545
GSM3428810	non_tumor	Plasma cells	0.144984856197021
GSM3428810	non_tumor	Macrophages M0	0.00704719127145027
GSM3428810	non_tumor	T cells CD8	0.127472297659581
GSM3428810	non_tumor	Macrophages M1	0.0460240647451406
GSM3428810	non_tumor	T cells follicular helper	0.0812987129302582
GSM3428810	non_tumor	Mast cells activated	0.104830121584449
GSM3428810	non_tumor	B cells memory	0
GSM3428810	non_tumor	NK cells activated	0.0914332443461644
GSM3428811	non_tumor	T cells CD4 memory resting	0.0518268209033319
GSM3428811	non_tumor	Macrophages M2	0.227287941610684
GSM3428811	non_tumor	Plasma cells	0.229718998124223
GSM3428811	non_tumor	Macrophages M0	0
GSM3428811	non_tumor	T cells CD8	0.177954830744403
GSM3428811	non_tumor	Macrophages M1	0.0528561420470253
GSM3428811	non_tumor	T cells follicular helper	0.0339097076940538
GSM3428811	non_tumor	Mast cells activated	0.0524529632466757
GSM3428811	non_tumor	B cells memory	0.0339121321253601
GSM3428811	non_tumor	NK cells activated	0.0490066176333301
GSM3428812	non_tumor	T cells CD4 memory resting	0.172844824960811
GSM3428812	non_tumor	Macrophages M2	0.236948727581782
GSM3428812	non_tumor	Plasma cells	0.179287537280815
GSM3428812	non_tumor	Macrophages M0	0
GSM3428812	non_tumor	T cells CD8	0.0511091040914907
GSM3428812	non_tumor	Macrophages M1	0.0884796645974336
GSM3428812	non_tumor	T cells follicular helper	0.0236096485591727
GSM3428812	non_tumor	Mast cells activated	0.0892911577584137
GSM3428812	non_tumor	B cells memory	0
GSM3428812	non_tumor	NK cells activated	0.0815017092056611
GSM3428813	non_tumor	T cells CD4 memory resting	0.0691571389585818
GSM3428813	non_tumor	Macrophages M2	0.223845304310101
GSM3428813	non_tumor	Plasma cells	0.194790663220485
GSM3428813	non_tumor	Macrophages M0	0
GSM3428813	non_tumor	T cells CD8	0.1418515348394
GSM3428813	non_tumor	Macrophages M1	0.048232544517836
GSM3428813	non_tumor	T cells follicular helper	0.0436331120479697
GSM3428813	non_tumor	Mast cells activated	0.103308061524197
GSM3428813	non_tumor	B cells memory	0.0174608396124341
GSM3428813	non_tumor	NK cells activated	0.0689791973747666
GSM3428814	non_tumor	T cells CD4 memory resting	0.0586838879579802
GSM3428814	non_tumor	Macrophages M2	0.273617149399618
GSM3428814	non_tumor	Plasma cells	0.158907121759579
GSM3428814	non_tumor	Macrophages M0	0
GSM3428814	non_tumor	T cells CD8	0.16194249646457
GSM3428814	non_tumor	Macrophages M1	0.0823250002216402
GSM3428814	non_tumor	T cells follicular helper	0.0229222818113462
GSM3428814	non_tumor	Mast cells activated	0.0402732637315469
GSM3428814	non_tumor	B cells memory	0
GSM3428814	non_tumor	NK cells activated	0.050411015398111
GSM3428815	non_tumor	T cells CD4 memory resting	0.140124020643087
GSM3428815	non_tumor	Macrophages M2	0.183399091575343
GSM3428815	non_tumor	Plasma cells	0.160404761105313
GSM3428815	non_tumor	Macrophages M0	0
GSM3428815	non_tumor	T cells CD8	0.146493612287394
GSM3428815	non_tumor	Macrophages M1	0.0217291579783779
GSM3428815	non_tumor	T cells follicular helper	0.0300465027985021
GSM3428815	non_tumor	Mast cells activated	0.111299291617544
GSM3428815	non_tumor	B cells memory	0.0436714758937726
GSM3428815	non_tumor	NK cells activated	0
GSM3428816	non_tumor	T cells CD4 memory resting	0.0469285897753021
GSM3428816	non_tumor	Macrophages M2	0.21331302629992
GSM3428816	non_tumor	Plasma cells	0.278103563474004
GSM3428816	non_tumor	Macrophages M0	0
GSM3428816	non_tumor	T cells CD8	0.122366347499651
GSM3428816	non_tumor	Macrophages M1	0.0686566983818698
GSM3428816	non_tumor	T cells follicular helper	0.0159389645561329
GSM3428816	non_tumor	Mast cells activated	0.0481520809317211
GSM3428816	non_tumor	B cells memory	0.0429053719887937
GSM3428816	non_tumor	NK cells activated	0.0446662874606438
GSM3428817	non_tumor	T cells CD4 memory resting	0.0636679939053935
GSM3428817	non_tumor	Macrophages M2	0.125656971188709
GSM3428817	non_tumor	Plasma cells	0.10641217973993
GSM3428817	non_tumor	Macrophages M0	0
GSM3428817	non_tumor	T cells CD8	0.139379154155572
GSM3428817	non_tumor	Macrophages M1	0.189151908537552
GSM3428817	non_tumor	T cells follicular helper	0.105849203137729
GSM3428817	non_tumor	Mast cells activated	0.0581461959647814
GSM3428817	non_tumor	B cells memory	0
GSM3428817	non_tumor	NK cells activated	0.0396354229491099
GSM3428818	non_tumor	T cells CD4 memory resting	0.0896157582326373
GSM3428818	non_tumor	Macrophages M2	0.200807939872208
GSM3428818	non_tumor	Plasma cells	0.0763321272296016
GSM3428818	non_tumor	Macrophages M0	0
GSM3428818	non_tumor	T cells CD8	0.0755699538718586
GSM3428818	non_tumor	Macrophages M1	0.0190363970063506
GSM3428818	non_tumor	T cells follicular helper	0.0919210382927522
GSM3428818	non_tumor	Mast cells activated	0.107746603966849
GSM3428818	non_tumor	B cells memory	0
GSM3428818	non_tumor	NK cells activated	0.11307115695771
GSM3428819	non_tumor	T cells CD4 memory resting	0
GSM3428819	non_tumor	Macrophages M2	0.251383873198876
GSM3428819	non_tumor	Plasma cells	0.204099521753205
GSM3428819	non_tumor	Macrophages M0	0
GSM3428819	non_tumor	T cells CD8	0.203148493344023
GSM3428819	non_tumor	Macrophages M1	0.0718397723116746
GSM3428819	non_tumor	T cells follicular helper	0.0848249708987376
GSM3428819	non_tumor	Mast cells activated	0.0136807143114433
GSM3428819	non_tumor	B cells memory	0
GSM3428819	non_tumor	NK cells activated	0.0648816380935679
GSM3428820	non_tumor	T cells CD4 memory resting	0.172223182238313
GSM3428820	non_tumor	Macrophages M2	0.15083744009003
GSM3428820	non_tumor	Plasma cells	0.180657839142426
GSM3428820	non_tumor	Macrophages M0	0
GSM3428820	non_tumor	T cells CD8	0.123583648051346
GSM3428820	non_tumor	Macrophages M1	0.0932907728471136
GSM3428820	non_tumor	T cells follicular helper	0
GSM3428820	non_tumor	Mast cells activated	0.0513263950663676
GSM3428820	non_tumor	B cells memory	0
GSM3428820	non_tumor	NK cells activated	0.0256833217732692
GSM3428821	non_tumor	T cells CD4 memory resting	0.243467654311829
GSM3428821	non_tumor	Macrophages M2	0.15656978443027
GSM3428821	non_tumor	Plasma cells	0.230729467067987
GSM3428821	non_tumor	Macrophages M0	0.0302877047832564
GSM3428821	non_tumor	T cells CD8	0.0627698813822378
GSM3428821	non_tumor	Macrophages M1	0.151272584092474
GSM3428821	non_tumor	T cells follicular helper	0
GSM3428821	non_tumor	Mast cells activated	0
GSM3428821	non_tumor	B cells memory	0
GSM3428821	non_tumor	NK cells activated	0.0399424070174515
GSM3428822	non_tumor	T cells CD4 memory resting	0.178827540142412
GSM3428822	non_tumor	Macrophages M2	0.147217204967237
GSM3428822	non_tumor	Plasma cells	0.186580901438127
GSM3428822	non_tumor	Macrophages M0	0.0275226295331505
GSM3428822	non_tumor	T cells CD8	0.0637590022536419
GSM3428822	non_tumor	Macrophages M1	0.056987854139659
GSM3428822	non_tumor	T cells follicular helper	0.0611090429216549
GSM3428822	non_tumor	Mast cells activated	0.109001522091208
GSM3428822	non_tumor	B cells memory	0
GSM3428822	non_tumor	NK cells activated	0.0611487520524872
